game_id,competition_id,season,round,date,home_club_id,away_club_id,home_club_goals,away_club_goals,home_club_position,away_club_position,attendance,home_club_formation,away_club_formation,home_club_name,away_club_name,result,home_team_points,away_team_points,home_attack_value,home_attack_count,away_attack_value,away_attack_count,home_midfield_value,home_midfield_count,away_midfield_value,away_midfield_count,home_defender_value,home_defender_count,away_defender_value,away_defender_count,home_goalkeeper_value,home_goalkeeper_count,away_goalkeeper_value,away_goalkeeper_count,home_total_market_value,away_total_market_value
4126780,TR1,2023,1. Matchday,2023-08-11,449,589,1,0,6.0,15.0,30692.0,4-3-3 Attacking,4-2-3-1,Trabzonspor Kulübü,Antalyaspor,1,0,0,70000000.0,4,32500000.0,4,35950000.0,5,3500000.0,2,21200000.0,3,30400000.0,5,19000000.0,1,7000000.0,1,277.0,94.6
4126783,TR1,2023,1. Matchday,2023-08-12,2293,924,1,1,10.0,19.0,5552.0,4-2-3-1,4-2-3-1,Konyaspor,İstanbulspor A.Ş.,0,0,0,3800000.0,2,7300000.0,3,25700000.0,4,2925000.0,5,8000000.0,5,2700000.0,4,0.0,0,2500000.0,1,96.4,19.4
4126775,TR1,2023,1. Matchday,2023-08-12,3209,7775,1,5,18.0,1.0,1269.0,4-4-2 double 6,4-3-3 Attacking,Pendikspor,Hatayspor Futbol Kulübü,2,0,0,13900000.0,4,13800000.0,3,450000.0,1,6150000.0,5,14600000.0,5,4600000.0,4,400000.0,1,600000.0,1,74.9,89.0
4126776,TR1,2023,1. Matchday,2023-08-12,10484,868,3,2,3.0,12.0,2256.0,4-2-3-1,3-4-2-1,Kasımpaşa Spor Kulübü,Makina ve Kimya Endüstrisi Ankaragücü Spor Kulübü,1,0,0,3950000.0,3,6500000.0,3,10000000.0,4,9600000.0,4,10500000.0,3,8800000.0,6,1500000.0,1,0.0,0,53.0,85.0
4126774,TR1,2023,1. Matchday,2023-08-12,3205,141,0,0,20.0,11.0,15993.0,4-2-3-1,4-2-3-1,Kayserispor Kulübü,Galatasaray Spor Kulübü,0,0,0,15200000.0,4,246300000.0,7,4650000.0,4,56500000.0,3,10250000.0,6,102000000.0,5,3000000.0,1,18000000.0,1,63.6,638.2
4126778,TR1,2023,1. Matchday,2023-08-13,3840,126,2,1,4.0,14.0,7488.0,4-2-3-1,4-2-3-1,Adana Demirspor Kulübü,Çaykur Rizespor Kulübü,1,0,0,66850000.0,5,3000000.0,3,24500000.0,3,4700000.0,3,14500000.0,4,7575000.0,6,750000.0,1,3200000.0,1,161.4,66.2
4126782,TR1,2023,1. Matchday,2023-08-13,2381,152,1,1,9.0,8.0,6311.0,4-1-4-1,3-1-4-2,Sivasspor Kulübü,Samsunspor,0,0,0,20600000.0,3,9100000.0,3,11200000.0,4,25550000.0,5,6250000.0,4,15800000.0,5,800000.0,1,1300000.0,1,59.6,103.0
4126781,TR1,2023,1. Matchday,2023-08-13,36,2832,2,1,5.0,13.0,38753.0,4-3-3 Attacking,4-2-3-1,Fenerbahçe Spor Kulübü,Gaziantep Futbol Kulübü A.Ş.,1,0,0,126000000.0,5,30725000.0,4,39500000.0,4,10500000.0,3,65200000.0,6,8500000.0,3,16000000.0,1,800000.0,1,475.6,95.4
4126779,TR1,2023,1. Matchday,2023-08-14,6646,114,0,1,16.0,7.0,1134.0,4-2-3-1,4-3-3 Attacking,Fatih Karagümrük Sportif Faaliyetler San. Tic. A.Ş.,Beşiktaş Jimnastik Kulübü,2,0,0,5100000.0,2,72000000.0,4,24550000.0,5,41500000.0,4,11000000.0,4,50300000.0,6,0.0,0,5000000.0,1,120.0,358.4
4126777,TR1,2023,1. Matchday,2023-08-14,11282,6890,2,0,2.0,17.0,3030.0,4-3-3 Attacking,4-3-3 Attacking,Alanyaspor,İstanbul Başakşehir Futbol Kulübü,1,0,0,9700000.0,4,54700000.0,5,21900000.0,7,15400000.0,3,7000000.0,3,24050000.0,4,2800000.0,1,1200000.0,1,78.3,158.0
4126790,TR1,2023,2. Matchday,2023-08-18,589,2293,1,1,13.0,11.0,8396.0,4-2-3-1,4-2-3-1,Antalyaspor,Konyaspor,0,0,1,23500000.0,3,3800000.0,2,8800000.0,4,26700000.0,5,35500000.0,5,5300000.0,4,7000000.0,1,0.0,0,94.6,96.4
4126785,TR1,2023,2. Matchday,2023-08-18,924,3205,1,1,19.0,20.0,657.0,4-2-3-1,4-2-3-1,İstanbulspor A.Ş.,Kayserispor Kulübü,0,1,1,7775000.0,4,15200000.0,4,2425000.0,4,4650000.0,4,3825000.0,3,6750000.0,5,2500000.0,1,3000000.0,1,19.4,63.6
4126784,TR1,2023,2. Matchday,2023-08-19,7775,10484,0,0,2.0,6.0,7724.0,4-3-3 Attacking,4-2-3-1,Hatayspor Futbol Kulübü,Kasımpaşa Spor Kulübü,0,3,3,18300000.0,4,3950000.0,3,7650000.0,6,10175000.0,5,4000000.0,3,10500000.0,3,600000.0,1,1500000.0,1,89.0,53.0
4126793,TR1,2023,2. Matchday,2023-08-19,126,11282,0,0,14.0,5.0,3431.0,4-2-3-1,4-3-3 Attacking,Çaykur Rizespor Kulübü,Alanyaspor,0,0,3,5500000.0,4,9700000.0,4,4700000.0,3,17000000.0,5,5975000.0,4,16600000.0,5,3200000.0,1,2800000.0,1,66.2,78.3
4126786,TR1,2023,2. Matchday,2023-08-19,141,449,2,0,4.0,10.0,45891.0,4-2-3-1,4-1-4-1,Galatasaray Spor Kulübü,Trabzonspor Kulübü,1,1,3,187000000.0,5,23100000.0,4,111500000.0,4,35500000.0,4,95000000.0,5,24700000.0,4,18000000.0,1,19000000.0,1,638.2,277.0
4126789,TR1,2023,2. Matchday,2023-08-20,6890,6646,0,2,18.0,9.0,2101.0,4-2-3-1,4-3-3 Attacking,İstanbul Başakşehir Futbol Kulübü,Fatih Karagümrük Sportif Faaliyetler San. Tic. A.Ş.,2,0,0,45500000.0,3,13100000.0,3,15575000.0,4,24050000.0,4,16800000.0,3,11500000.0,4,1200000.0,1,0.0,0,158.0,120.0
4126788,TR1,2023,2. Matchday,2023-08-20,2832,2381,1,3,17.0,3.0,7056.0,4-3-3 Attacking,4-3-3 Attacking,Gaziantep Futbol Kulübü A.Ş.,Sivasspor Kulübü,2,0,1,30500000.0,3,20600000.0,3,6550000.0,4,8100000.0,4,8500000.0,3,7550000.0,5,800000.0,1,800000.0,1,95.4,59.6
4126791,TR1,2023,2. Matchday,2023-08-20,114,3209,1,1,8.0,16.0,27130.0,4-3-3 Defending,4-1-4-1,Beşiktaş Jimnastik Kulübü,Pendikspor,0,3,0,99000000.0,4,11900000.0,3,83000000.0,6,6125000.0,3,44800000.0,5,11600000.0,4,5000000.0,1,1000000.0,1,358.4,74.9
4126792,TR1,2023,2. Matchday,2023-08-21,868,3840,1,1,12.0,7.0,628.0,4-1-4-1,4-2-3-1,Makina ve Kimya Endüstrisi Ankaragücü Spor Kulübü,Adana Demirspor Kulübü,0,0,3,11500000.0,4,60350000.0,4,9500000.0,4,25000000.0,4,11300000.0,6,14000000.0,3,0.0,0,750000.0,1,85.0,161.4
4126787,TR1,2023,2. Matchday,2023-08-21,152,36,0,2,15.0,1.0,29781.0,3-1-4-2,4-3-3 Attacking,Samsunspor,Fenerbahçe Spor Kulübü,2,1,3,9100000.0,3,105000000.0,5,26250000.0,6,84500000.0,5,15800000.0,5,56000000.0,5,1300000.0,1,3500000.0,1,103.0,475.6
4126820,TR1,2023,3. Matchday,2023-08-25,2293,2832,2,0,6.0,18.0,6715.0,4-2-3-1,4-1-4-1,Konyaspor,Gaziantep Futbol Kulübü A.Ş.,1,2,0,5925000.0,4,30725000.0,4,26700000.0,5,13000000.0,4,4800000.0,3,10400000.0,4,0.0,0,800000.0,1,96.4,95.4
4126817,TR1,2023,3. Matchday,2023-08-26,449,126,2,3,12.0,10.0,23571.0,4-3-3 Attacking,4-2-3-1,Trabzonspor Kulübü,Çaykur Rizespor Kulübü,2,3,1,30100000.0,5,5500000.0,4,33375000.0,4,4700000.0,3,20700000.0,4,7775000.0,5,19000000.0,1,3200000.0,1,277.0,66.2
4126819,TR1,2023,3. Matchday,2023-08-26,2381,589,1,1,5.0,15.0,4634.0,4-3-3 Attacking,4-2-3-1,Sivasspor Kulübü,Antalyaspor,0,4,1,22600000.0,3,23500000.0,3,8100000.0,4,10400000.0,5,7350000.0,4,35500000.0,5,800000.0,1,7000000.0,1,59.6,94.6
4126813,TR1,2023,3. Matchday,2023-08-26,10484,3209,1,1,8.0,16.0,2228.0,4-2-3-1,4-2-3-1,Kasımpaşa Spor Kulübü,Pendikspor,0,4,1,3950000.0,3,7900000.0,3,10975000.0,6,8450000.0,3,10500000.0,3,11600000.0,4,1500000.0,1,1000000.0,1,53.0,74.9
4126811,TR1,2023,3. Matchday,2023-08-27,3205,152,2,1,13.0,17.0,7171.0,4-1-4-1,3-1-4-2,Kayserispor Kulübü,Samsunspor,1,2,1,15400000.0,5,9100000.0,3,4650000.0,4,25200000.0,4,10250000.0,6,21800000.0,7,3000000.0,1,1300000.0,1,63.6,103.0
4126816,TR1,2023,3. Matchday,2023-08-27,6646,868,1,1,9.0,14.0,877.0,4-2-3-1,4-2-3-1,Fatih Karagümrük Sportif Faaliyetler San. Tic. A.Ş.,Makina ve Kimya Endüstrisi Ankaragücü Spor Kulübü,0,3,1,16600000.0,4,23500000.0,5,24050000.0,4,8100000.0,3,11500000.0,4,11700000.0,6,0.0,0,0.0,0,120.0,85.0
4126814,TR1,2023,3. Matchday,2023-08-27,11282,7775,0,0,7.0,4.0,3156.0,4-3-3 Attacking,4-3-3 Attacking,Alanyaspor,Hatayspor Futbol Kulübü,0,4,4,7400000.0,3,18300000.0,4,13400000.0,6,6650000.0,5,9600000.0,4,4000000.0,3,2800000.0,1,600000.0,1,78.3,89.0
4126830,TR1,2023,4. Matchday,2023-09-01,126,6646,1,0,6.0,12.0,5084.0,4-2-3-1,4-2-3-1,Çaykur Rizespor Kulübü,Fatih Karagümrük Sportif Faaliyetler San. Tic. A.Ş.,1,4,4,5600000.0,4,16600000.0,4,4700000.0,3,24050000.0,4,8975000.0,6,11500000.0,4,3200000.0,1,0.0,0,66.2,120.0
4126823,TR1,2023,4. Matchday,2023-09-01,10484,449,1,5,11.0,8.0,3605.0,4-2-3-1,4-2-3-1,Kasımpaşa Spor Kulübü,Trabzonspor Kulübü,2,5,3,3950000.0,3,30100000.0,5,10175000.0,5,33875000.0,4,12000000.0,4,20000000.0,4,1500000.0,1,19000000.0,1,53.0,277.0
4126827,TR1,2023,4. Matchday,2023-09-02,589,3205,1,1,15.0,14.0,5191.0,4-2-3-1,4-2-3-1,Antalyaspor,Kayserispor Kulübü,0,2,5,32500000.0,4,12600000.0,4,9200000.0,4,4650000.0,4,35500000.0,5,9150000.0,6,7000000.0,1,3000000.0,1,94.6,63.6
4126825,TR1,2023,4. Matchday,2023-09-02,2832,141,0,3,18.0,2.0,23510.0,4-1-4-1,4-2-3-1,Gaziantep Futbol Kulübü A.Ş.,Galatasaray Spor Kulübü,2,0,4,30500000.0,3,219300000.0,7,13550000.0,5,87000000.0,2,11000000.0,4,97500000.0,6,800000.0,1,18000000.0,1,95.4,638.2
4126822,TR1,2023,4. Matchday,2023-09-02,3209,11282,1,1,16.0,9.0,854.0,4-2-3-1,4-3-3 Attacking,Pendikspor,Alanyaspor,0,2,5,13400000.0,4,4900000.0,2,8450000.0,3,19800000.0,6,8950000.0,4,14000000.0,4,1000000.0,1,2800000.0,1,74.9,78.3
4126826,TR1,2023,4. Matchday,2023-09-02,6890,2293,0,1,19.0,4.0,2332.0,4-2-3-1,4-2-3-1,İstanbul Başakşehir Futbol Kulübü,Konyaspor,2,0,5,54700000.0,5,5600000.0,3,19000000.0,4,55700000.0,5,27050000.0,5,4800000.0,3,1200000.0,1,0.0,0,158.0,96.4
4126829,TR1,2023,4. Matchday,2023-09-03,868,36,0,1,17.0,1.0,16662.0,4-2-3-1,4-3-3 Attacking,Makina ve Kimya Endüstrisi Ankaragücü Spor Kulübü,Fenerbahçe Spor Kulübü,2,2,6,23500000.0,5,125000000.0,6,8100000.0,3,83500000.0,4,10000000.0,5,41000000.0,4,0.0,0,3500000.0,1,85.0,475.6
4126828,TR1,2023,4. Matchday,2023-09-03,114,2381,2,0,5.0,10.0,28199.0,4-3-3 Attacking,4-2-3-1,Beşiktaş Jimnastik Kulübü,Sivasspor Kulübü,1,4,5,134000000.0,6,19000000.0,3,71500000.0,4,5600000.0,3,31800000.0,5,7350000.0,4,5000000.0,1,800000.0,1,358.4,59.6
4126821,TR1,2023,4. Matchday,2023-09-03,7775,3840,3,3,7.0,3.0,8544.0,4-3-3 Attacking,4-2-3-1,Hatayspor Futbol Kulübü,Adana Demirspor Kulübü,0,5,4,13300000.0,3,66850000.0,5,8300000.0,6,32500000.0,3,4600000.0,4,14000000.0,3,600000.0,1,750000.0,1,89.0,161.4
4129462,TR1,2023,5. Matchday,2023-09-16,2293,126,1,2,6.0,4.0,5649.0,4-2-3-1,4-2-3-1,Konyaspor,Çaykur Rizespor Kulübü,2,8,7,11600000.0,4,19200000.0,6,55800000.0,5,22700000.0,4,5800000.0,4,9950000.0,5,0.0,0,3200000.0,1,96.4,66.2
4129457,TR1,2023,5. Matchday,2023-09-16,3840,3209,3,0,3.0,17.0,7932.0,4-2-3-1,4-2-3-1,Adana Demirspor Kulübü,Pendikspor,1,5,3,65025000.0,5,12800000.0,3,39500000.0,4,13450000.0,3,14000000.0,3,11950000.0,5,750000.0,1,1000000.0,1,161.4,74.9
4129455,TR1,2023,5. Matchday,2023-09-16,141,152,4,2,2.0,15.0,43103.0,4-2-3-1,4-2-3-1,Galatasaray Spor Kulübü,Samsunspor,1,7,1,244300000.0,7,22500000.0,5,152000000.0,3,16400000.0,4,95000000.0,5,16650000.0,5,18000000.0,1,1300000.0,1,638.2,103.0
4129453,TR1,2023,5. Matchday,2023-09-16,3205,2832,2,0,10.0,19.0,5649.0,4-3-3 Attacking,3-5-2,Kayserispor Kulübü,Gaziantep Futbol Kulübü A.Ş.,1,6,0,12600000.0,4,33500000.0,4,4650000.0,4,13000000.0,4,10250000.0,6,32700000.0,5,3000000.0,1,2500000.0,1,63.6,95.4
4129459,TR1,2023,5. Matchday,2023-09-17,449,114,3,0,5.0,9.0,37590.0,4-2-3-1,4-3-3 Attacking,Trabzonspor Kulübü,Beşiktaş Jimnastik Kulübü,1,6,7,55500000.0,5,134000000.0,6,47000000.0,4,35500000.0,3,20700000.0,4,41800000.0,6,19000000.0,1,5000000.0,1,277.0,358.4
4129454,TR1,2023,5. Matchday,2023-09-17,924,6890,0,2,20.0,18.0,689.0,4-2-3-1,4-2-3-1,İstanbulspor A.Ş.,İstanbul Başakşehir Futbol Kulübü,2,2,0,7300000.0,3,54700000.0,5,2425000.0,4,16900000.0,4,8325000.0,3,32800000.0,4,2500000.0,1,8000000.0,1,19.4,158.0
4129460,TR1,2023,5. Matchday,2023-09-17,36,589,3,2,1.0,16.0,41119.0,4-2-3-1,4-2-3-1,Fenerbahçe Spor Kulübü,Antalyaspor,1,9,3,121000000.0,5,29700000.0,4,86000000.0,4,8600000.0,4,55000000.0,5,35500000.0,5,15000000.0,1,7000000.0,1,475.6,94.6
4129456,TR1,2023,5. Matchday,2023-09-17,11282,10484,3,3,8.0,11.0,2121.0,4-3-3 Attacking,4-2-3-1,Alanyaspor,Kasımpaşa Spor Kulübü,0,6,5,26700000.0,6,9500000.0,4,17000000.0,5,17975000.0,7,7000000.0,3,12000000.0,4,2800000.0,1,375000.0,1,78.3,53.0
4129458,TR1,2023,5. Matchday,2023-09-18,6646,7775,0,0,13.0,7.0,516.0,4-2-3-1,4-3-3 Attacking,Fatih Karagümrük Sportif Faaliyetler San. Tic. A.Ş.,Hatayspor Futbol Kulübü,0,4,6,19000000.0,4,17600000.0,5,25050000.0,5,6650000.0,5,12500000.0,4,29050000.0,4,0.0,0,600000.0,1,120.0,89.0
4129461,TR1,2023,5. Matchday,2023-09-18,2381,868,1,3,14.0,12.0,3368.0,4-1-4-1,4-2-3-1,Sivasspor Kulübü,Makina ve Kimya Endüstrisi Ankaragücü Spor Kulübü,2,5,2,25600000.0,5,20500000.0,4,4700000.0,2,9500000.0,4,7350000.0,4,6000000.0,4,800000.0,1,900000.0,1,59.6,85.0
4129467,TR1,2023,6. Matchday,2023-09-22,2832,924,2,0,18.0,20.0,7185.0,3-5-2,4-2-3-1,Gaziantep Futbol Kulübü A.Ş.,İstanbulspor A.Ş.,1,0,2,33500000.0,4,7300000.0,3,13000000.0,4,2425000.0,4,31000000.0,5,9700000.0,5,2500000.0,1,2500000.0,1,95.4,19.4
4129464,TR1,2023,6. Matchday,2023-09-23,3209,6646,1,1,17.0,14.0,974.0,4-3-3 Attacking,4-3-3 Attacking,Pendikspor,Fatih Karagümrük Sportif Faaliyetler San. Tic. A.Ş.,0,3,5,4800000.0,1,20600000.0,5,19125000.0,5,32000000.0,4,10350000.0,4,12500000.0,4,1000000.0,1,0.0,0,74.9,120.0
4129469,TR1,2023,6. Matchday,2023-09-23,589,152,2,0,13.0,16.0,7404.0,4-2-3-1,4-2-3-1,Antalyaspor,Samsunspor,1,3,1,17700000.0,3,22500000.0,5,8600000.0,4,17200000.0,4,36150000.0,6,19100000.0,6,7000000.0,1,400000.0,1,94.6,103.0
4129472,TR1,2023,6. Matchday,2023-09-23,126,2381,1,1,4.0,15.0,5932.0,4-2-3-1,4-3-3 Attacking,Çaykur Rizespor Kulübü,Sivasspor Kulübü,0,10,5,19000000.0,5,10800000.0,4,23050000.0,5,5600000.0,3,7450000.0,4,7350000.0,4,3200000.0,1,800000.0,1,66.2,59.6
4129468,TR1,2023,6. Matchday,2023-09-23,6890,141,1,2,19.0,2.0,6183.0,4-3-3 Attacking,4-2-3-1,İstanbul Başakşehir Futbol Kulübü,Galatasaray Spor Kulübü,2,3,10,52700000.0,4,263000000.0,6,17900000.0,4,171000000.0,4,37800000.0,5,103500000.0,5,8000000.0,1,18000000.0,1,158.0,638.2
4129470,TR1,2023,6. Matchday,2023-09-24,114,3205,2,1,6.0,11.0,29665.0,4-3-3 Attacking,4-3-3 Attacking,Beşiktaş Jimnastik Kulübü,Kayserispor Kulübü,1,7,9,88000000.0,4,23100000.0,6,55000000.0,4,3800000.0,3,76800000.0,7,11250000.0,6,5000000.0,1,3000000.0,1,358.4,63.6
4129465,TR1,2023,6. Matchday,2023-09-24,10484,3840,2,1,9.0,3.0,2794.0,4-2-3-1,4-2-3-1,Kasımpaşa Spor Kulübü,Adana Demirspor Kulübü,1,6,8,2500000.0,2,64250000.0,4,17975000.0,7,25000000.0,4,12000000.0,4,14000000.0,3,1500000.0,1,1600000.0,2,53.0,161.4
4129466,TR1,2023,6. Matchday,2023-09-24,11282,36,0,1,10.0,1.0,7761.0,4-2-3-1,4-2-3-1,Alanyaspor,Fenerbahçe Spor Kulübü,2,7,12,11700000.0,5,126000000.0,5,8500000.0,4,83500000.0,4,14000000.0,4,65200000.0,6,100000.0,1,15000000.0,1,78.3,475.6
4129471,TR1,2023,6. Matchday,2023-09-24,868,2293,1,1,12.0,8.0,9263.0,4-2-3-1,4-2-3-1,Makina ve Kimya Endüstrisi Ankaragücü Spor Kulübü,Konyaspor,0,5,8,24000000.0,5,10000000.0,4,6500000.0,4,42800000.0,4,7300000.0,5,8500000.0,5,900000.0,1,0.0,0,85.0,96.4
4129463,TR1,2023,6. Matchday,2023-09-25,7775,449,3,2,5.0,7.0,12047.0,4-2-3-1,4-2-3-1,Hatayspor Futbol Kulübü,Trabzonspor Kulübü,1,7,9,17600000.0,5,50500000.0,4,5800000.0,4,47000000.0,4,29050000.0,4,20700000.0,4,600000.0,1,19000000.0,1,89.0,277.0
4126812,TR1,2023,3. Matchday,2023-09-26,924,141,0,1,20.0,3.0,4365.0,4-4-2 double 6,4-2-3-1,İstanbulspor A.Ş.,Galatasaray Spor Kulübü,2,2,13,7825000.0,5,270000000.0,7,2775000.0,4,106000000.0,3,2700000.0,4,95000000.0,5,2500000.0,1,18000000.0,1,19.4,638.2
4126815,TR1,2023,3. Matchday,2023-09-27,3840,114,4,2,2.0,11.0,23614.0,4-2-3-1,4-3-3 Attacking,Adana Demirspor Kulübü,Beşiktaş Jimnastik Kulübü,1,8,10,65025000.0,5,94000000.0,5,13100000.0,4,53500000.0,3,14650000.0,5,41800000.0,6,100000.0,1,15000000.0,2,161.4,358.4
4126818,TR1,2023,3. Matchday,2023-09-28,36,6890,4,0,1.0,19.0,38216.0,4-2-3-1,4-2-3-1,Fenerbahçe Spor Kulübü,İstanbul Başakşehir Futbol Kulübü,1,15,3,128500000.0,5,54700000.0,5,84500000.0,5,22400000.0,5,57000000.0,5,16800000.0,3,15000000.0,1,8000000.0,1,475.6,158.0
4129476,TR1,2023,7. Matchday,2023-09-29,152,2832,1,2,17.0,16.0,13056.0,4-2-3-1,3-4-3,Samsunspor,Gaziantep Futbol Kulübü A.Ş.,2,1,3,22500000.0,5,33500000.0,4,27200000.0,5,13000000.0,4,17300000.0,5,30300000.0,4,1300000.0,1,2500000.0,1,103.0,95.4
4129481,TR1,2023,7. Matchday,2023-09-30,2381,7775,0,0,12.0,7.0,2522.0,4-3-3 Attacking,4-2-3-1,Sivasspor Kulübü,Hatayspor Futbol Kulübü,0,6,10,25800000.0,5,17600000.0,5,4700000.0,2,6800000.0,5,6050000.0,3,27250000.0,4,800000.0,1,600000.0,1,59.6,89.0
4129479,TR1,2023,7. Matchday,2023-09-30,449,3209,2,1,5.0,18.0,11835.0,4-3-3 Attacking,4-2-3-1,Trabzonspor Kulübü,Pendikspor,1,9,4,51000000.0,4,7400000.0,3,47000000.0,4,18450000.0,4,26700000.0,5,12600000.0,5,19000000.0,1,1000000.0,1,277.0,74.9
4129474,TR1,2023,7. Matchday,2023-09-30,924,589,1,2,20.0,9.0,755.0,4-4-2 double 6,4-2-3-1,İstanbulspor A.Ş.,Antalyaspor,2,2,6,4125000.0,5,29700000.0,4,2775000.0,4,7000000.0,3,2700000.0,4,36150000.0,6,2500000.0,1,7000000.0,1,19.4,94.6
4129475,TR1,2023,7. Matchday,2023-09-30,141,868,2,1,2.0,14.0,41222.0,4-2-3-1,4-2-3-1,Galatasaray Spor Kulübü,Makina ve Kimya Endüstrisi Ankaragücü Spor Kulübü,1,16,6,249300000.0,7,22500000.0,5,106000000.0,3,4000000.0,2,136000000.0,5,12600000.0,7,18000000.0,1,900000.0,1,638.2,85.0
4129477,TR1,2023,7. Matchday,2023-10-01,3840,11282,4,0,3.0,13.0,9295.0,4-2-3-1,4-2-3-1,Adana Demirspor Kulübü,Alanyaspor,1,11,7,96250000.0,5,26700000.0,6,25000000.0,4,17000000.0,5,14500000.0,4,14000000.0,4,750000.0,1,100000.0,1,161.4,78.3
4129480,TR1,2023,7. Matchday,2023-10-01,36,126,5,0,1.0,8.0,40481.0,4-2-3-1,4-2-3-1,Fenerbahçe Spor Kulübü,Çaykur Rizespor Kulübü,1,18,11,90000000.0,5,19000000.0,5,83500000.0,4,23050000.0,5,64200000.0,6,9950000.0,5,15000000.0,1,3200000.0,1,475.6,66.2
4129478,TR1,2023,7. Matchday,2023-10-01,6646,10484,2,3,15.0,6.0,314.0,4-2-3-1,4-2-3-1,Fatih Karagümrük Sportif Faaliyetler San. Tic. A.Ş.,Kasımpaşa Spor Kulübü,2,6,9,9100000.0,3,2950000.0,3,33500000.0,5,17800000.0,6,15200000.0,5,12000000.0,4,0.0,0,1500000.0,1,120.0,53.0
4129482,TR1,2023,7. Matchday,2023-10-01,2293,114,0,2,10.0,4.0,12764.0,4-2-3-1,4-4-2 double 6,Konyaspor,Beşiktaş Jimnastik Kulübü,2,9,10,10000000.0,4,94000000.0,5,55800000.0,5,55000000.0,4,8500000.0,5,51300000.0,6,0.0,0,10000000.0,1,96.4,358.4
4129473,TR1,2023,7. Matchday,2023-10-02,3205,6890,0,0,11.0,19.0,6841.0,4-2-3-1,4-3-3 Attacking,Kayserispor Kulübü,İstanbul Başakşehir Futbol Kulübü,0,9,3,22900000.0,5,51200000.0,4,3400000.0,2,12000000.0,3,16250000.0,6,31500000.0,5,3000000.0,1,8000000.0,1,63.6,158.0
4129486,TR1,2023,8. Matchday,2023-10-06,11282,6646,2,1,10.0,16.0,2335.0,4-2-3-1,4-2-3-1,Alanyaspor,Fatih Karagümrük Sportif Faaliyetler San. Tic. A.Ş.,1,7,6,11700000.0,5,11000000.0,3,17000000.0,5,33500000.0,5,11400000.0,4,17700000.0,5,2800000.0,1,0.0,0,78.3,120.0
4129487,TR1,2023,8. Matchday,2023-10-06,3840,449,1,0,3.0,7.0,18159.0,4-2-3-1,4-2-3-1,Adana Demirspor Kulübü,Trabzonspor Kulübü,1,14,12,97025000.0,6,57100000.0,6,24500000.0,3,38000000.0,3,14000000.0,3,13700000.0,3,750000.0,1,19000000.0,1,161.4,277.0
4129488,TR1,2023,8. Matchday,2023-10-07,6890,2832,2,0,15.0,17.0,1568.0,4-3-3 Attacking,3-4-3,İstanbul Başakşehir Futbol Kulübü,Gaziantep Futbol Kulübü A.Ş.,1,4,6,51200000.0,4,33500000.0,4,23900000.0,6,11050000.0,4,24000000.0,4,31000000.0,5,8000000.0,1,2500000.0,1,158.0,95.4
4129491,TR1,2023,8. Matchday,2023-10-07,868,3205,3,0,11.0,14.0,9816.0,4-2-3-1,4-2-3-1,Makina ve Kimya Endüstrisi Ankaragücü Spor Kulübü,Kayserispor Kulübü,1,6,10,26000000.0,6,22900000.0,5,10000000.0,4,5850000.0,3,5800000.0,4,19500000.0,7,900000.0,1,3000000.0,1,85.0,63.6
4129489,TR1,2023,8. Matchday,2023-10-07,589,141,0,2,12.0,2.0,22308.0,4-2-3-1,4-2-3-1,Antalyaspor,Galatasaray Spor Kulübü,2,9,19,27200000.0,4,249300000.0,7,8600000.0,4,120000000.0,2,36150000.0,6,122500000.0,6,7000000.0,1,18000000.0,1,94.6,638.2
4129484,TR1,2023,8. Matchday,2023-10-07,3209,2381,2,3,19.0,9.0,1082.0,4-2-3-1,4-1-4-1,Pendikspor,Sivasspor Kulübü,2,4,7,6800000.0,2,25800000.0,5,19125000.0,5,8100000.0,4,12600000.0,5,6850000.0,4,1000000.0,1,800000.0,1,74.9,59.6
4129492,TR1,2023,8. Matchday,2023-10-08,126,152,1,0,6.0,18.0,5917.0,4-2-3-1,4-2-3-1,Çaykur Rizespor Kulübü,Samsunspor,1,11,1,17500000.0,4,19000000.0,4,22700000.0,4,21400000.0,5,8475000.0,6,12650000.0,5,3200000.0,1,1300000.0,1,66.2,103.0
4129483,TR1,2023,8. Matchday,2023-10-08,7775,2293,3,1,5.0,13.0,4111.0,4-2-3-1,4-2-3-1,Hatayspor Futbol Kulübü,Konyaspor,1,11,9,17600000.0,5,12800000.0,5,6650000.0,5,41800000.0,3,46800000.0,4,7500000.0,4,600000.0,1,0.0,0,89.0,96.4
4129485,TR1,2023,8. Matchday,2023-10-08,10484,36,0,2,8.0,1.0,7410.0,4-3-3 Attacking,4-2-3-1,Kasımpaşa Spor Kulübü,Fenerbahçe Spor Kulübü,2,12,21,7950000.0,4,126000000.0,5,17000000.0,5,86000000.0,4,12000000.0,4,62000000.0,5,1500000.0,1,15000000.0,1,53.0,475.6
4129490,TR1,2023,8. Matchday,2023-10-08,114,924,2,0,4.0,20.0,24111.0,4-2-3-1,4-4-2 double 6,Beşiktaş Jimnastik Kulübü,İstanbulspor A.Ş.,1,13,2,59000000.0,4,8175000.0,5,57100000.0,5,1700000.0,3,73800000.0,6,5200000.0,5,10000000.0,1,2500000.0,1,358.4,19.4
4129497,TR1,2023,9. Matchday,2023-10-21,2832,589,1,0,16.0,14.0,6040.0,3-4-3,3-4-2-1,Gaziantep Futbol Kulübü A.Ş.,Antalyaspor,1,6,9,33500000.0,4,32500000.0,4,11050000.0,4,11300000.0,5,30300000.0,4,32400000.0,5,2500000.0,1,7000000.0,1,95.4,94.6
4129502,TR1,2023,9. Matchday,2023-10-21,2293,3209,1,2,15.0,18.0,4870.0,4-2-3-1,4-2-3-1,Konyaspor,Pendikspor,2,9,4,11600000.0,4,17800000.0,4,43700000.0,5,9125000.0,4,6500000.0,3,11550000.0,5,0.0,0,1000000.0,1,96.4,74.9
4129493,TR1,2023,9. Matchday,2023-10-21,3205,126,3,1,9.0,8.0,4049.0,4-2-3-1,4-2-3-1,Kayserispor Kulübü,Çaykur Rizespor Kulübü,1,10,14,16500000.0,4,19000000.0,5,6750000.0,4,21950000.0,4,19500000.0,7,11150000.0,6,3000000.0,1,3200000.0,1,63.6,66.2
4129495,TR1,2023,9. Matchday,2023-10-21,141,114,2,1,2.0,4.0,50429.0,4-2-3-1,4-2-3-1,Galatasaray Spor Kulübü,Beşiktaş Jimnastik Kulübü,1,22,16,270000000.0,7,128000000.0,5,152000000.0,3,72100000.0,4,136000000.0,5,47500000.0,5,18000000.0,1,15000000.0,2,638.2,358.4
4129500,TR1,2023,9. Matchday,2023-10-22,36,7775,4,2,1.0,7.0,41976.0,4-2-3-1,3-4-3,Fenerbahçe Spor Kulübü,Hatayspor Futbol Kulübü,1,24,14,122500000.0,6,17600000.0,5,86000000.0,4,7300000.0,5,54200000.0,5,29250000.0,4,15000000.0,1,600000.0,1,475.6,89.0
4129496,TR1,2023,9. Matchday,2023-10-22,152,6890,0,0,19.0,17.0,12965.0,4-4-2 double 6,4-4-2 double 6,Samsunspor,İstanbul Başakşehir Futbol Kulübü,0,1,7,22700000.0,5,14700000.0,4,24250000.0,5,19900000.0,4,14300000.0,4,35950000.0,5,1300000.0,1,8000000.0,1,103.0,158.0
4129494,TR1,2023,9. Matchday,2023-10-22,924,868,2,1,20.0,12.0,925.0,4-3-3 Attacking,4-3-3 Attacking,İstanbulspor A.Ş.,Makina ve Kimya Endüstrisi Ankaragücü Spor Kulübü,1,2,9,6225000.0,4,27000000.0,6,2925000.0,5,8600000.0,3,5200000.0,5,9000000.0,5,2500000.0,1,900000.0,1,19.4,85.0
4129501,TR1,2023,9. Matchday,2023-10-22,2381,10484,0,1,10.0,6.0,2656.0,4-3-3 Attacking,4-2-3-1,Sivasspor Kulübü,Kasımpaşa Spor Kulübü,2,10,12,25800000.0,5,4500000.0,3,8400000.0,3,10975000.0,6,6050000.0,3,12000000.0,4,800000.0,1,1500000.0,1,59.6,53.0
4129498,TR1,2023,9. Matchday,2023-10-23,6646,3840,2,0,13.0,3.0,1263.0,4-3-3 Attacking,4-2-3-1,Fatih Karagümrük Sportif Faaliyetler San. Tic. A.Ş.,Adana Demirspor Kulübü,1,6,17,9100000.0,3,65025000.0,5,31050000.0,5,21000000.0,4,15200000.0,5,14000000.0,3,375000.0,1,750000.0,1,120.0,161.4
4129499,TR1,2023,9. Matchday,2023-10-23,449,11282,1,0,5.0,11.0,17918.0,4-2-3-1,4-2-3-1,Trabzonspor Kulübü,Alanyaspor,1,12,10,119500000.0,5,11700000.0,5,36000000.0,3,8500000.0,4,15700000.0,4,15400000.0,4,19000000.0,1,2800000.0,1,277.0,78.3
4129503,TR1,2023,10. Matchday,2023-10-27,7775,3205,1,2,7.0,9.0,4067.0,4-2-3-1,4-2-3-1,Hatayspor Futbol Kulübü,Kayserispor Kulübü,2,14,13,17600000.0,5,25700000.0,6,8050000.0,6,4650000.0,4,27000000.0,3,11000000.0,5,600000.0,1,3000000.0,1,89.0,63.6
4129505,TR1,2023,10. Matchday,2023-10-27,10484,924,3,1,5.0,20.0,1859.0,4-3-3 Attacking,4-2-3-1,Kasımpaşa Spor Kulübü,İstanbulspor A.Ş.,1,15,5,4950000.0,4,6625000.0,5,10975000.0,6,2100000.0,3,12000000.0,4,5200000.0,5,1500000.0,1,2500000.0,1,53.0,19.4
4129507,TR1,2023,10. Matchday,2023-10-28,3840,2293,3,0,3.0,15.0,13077.0,4-2-3-1,4-2-3-1,Adana Demirspor Kulübü,Konyaspor,1,17,9,53250000.0,3,11600000.0,4,39500000.0,4,44300000.0,5,14650000.0,5,5900000.0,3,750000.0,1,0.0,0,161.4,96.4
4129512,TR1,2023,10. Matchday,2023-10-28,126,141,0,1,8.0,2.0,11092.0,4-2-3-1,4-2-3-1,Çaykur Rizespor Kulübü,Galatasaray Spor Kulübü,2,14,25,19000000.0,5,295000000.0,7,22700000.0,4,106000000.0,3,10350000.0,6,136000000.0,5,3200000.0,1,18000000.0,1,66.2,638.2
4129506,TR1,2023,10. Matchday,2023-10-28,11282,2381,1,2,14.0,10.0,1805.0,4-2-3-1,4-3-3 Attacking,Alanyaspor,Sivasspor Kulübü,2,10,10,10800000.0,4,25800000.0,5,8500000.0,4,5600000.0,3,20400000.0,6,6450000.0,4,2800000.0,1,800000.0,1,78.3,59.6
4129504,TR1,2023,10. Matchday,2023-10-29,3209,36,0,5,18.0,1.0,1343.0,4-2-3-1,4-2-3-1,Pendikspor,Fenerbahçe Spor Kulübü,2,7,27,13400000.0,4,86000000.0,4,9125000.0,4,96000000.0,5,11550000.0,5,65200000.0,6,1000000.0,1,15000000.0,1,74.9,475.6
4129511,TR1,2023,10. Matchday,2023-10-29,868,152,2,0,11.0,19.0,10594.0,4-3-3 Attacking,4-4-2 double 6,Makina ve Kimya Endüstrisi Ankaragücü Spor Kulübü,Samsunspor,1,9,2,24000000.0,5,23900000.0,6,11000000.0,5,28900000.0,5,5800000.0,4,14300000.0,4,900000.0,1,1300000.0,1,85.0,103.0
4129509,TR1,2023,10. Matchday,2023-10-29,589,6890,1,0,12.0,17.0,6255.0,4-2-3-1,4-2-3-1,Antalyaspor,İstanbul Başakşehir Futbol Kulübü,1,9,8,17700000.0,3,54700000.0,5,10600000.0,5,20900000.0,5,36150000.0,6,22200000.0,4,7000000.0,1,8000000.0,1,94.6,158.0
4129508,TR1,2023,10. Matchday,2023-10-29,6646,449,0,0,13.0,6.0,2350.0,4-3-3 Attacking,4-2-3-1,Fatih Karagümrük Sportif Faaliyetler San. Tic. A.Ş.,Trabzonspor Kulübü,0,9,15,9100000.0,3,119500000.0,5,31050000.0,5,36000000.0,3,17700000.0,5,15700000.0,4,375000.0,1,19000000.0,1,120.0,277.0
4129510,TR1,2023,10. Matchday,2023-10-30,114,2832,2,0,4.0,16.0,28952.0,4-2-3-1,3-5-2 Attacking,Beşiktaş Jimnastik Kulübü,Gaziantep Futbol Kulübü A.Ş.,1,16,9,76075000.0,5,33800000.0,5,83000000.0,6,8400000.0,2,50800000.0,4,31000000.0,5,10000000.0,1,2500000.0,1,358.4,95.4
4129515,TR1,2023,11. Matchday,2023-11-03,141,10484,2,1,1.0,6.0,44158.0,4-2-3-1,4-2-3-1,Galatasaray Spor Kulübü,Kasımpaşa Spor Kulübü,1,28,18,267300000.0,7,4950000.0,4,74000000.0,2,10800000.0,5,120000000.0,5,12000000.0,4,20800000.0,2,1500000.0,1,638.2,53.0
4129516,TR1,2023,11. Matchday,2023-11-04,152,7775,2,1,19.0,9.0,8092.0,4-2-3-1,4-3-3 Attacking,Samsunspor,Hatayspor Futbol Kulübü,1,2,14,15900000.0,5,14800000.0,4,21500000.0,3,7150000.0,6,16600000.0,5,27750000.0,5,1300000.0,1,400000.0,1,103.0,89.0
4129520,TR1,2023,11. Matchday,2023-11-04,36,449,2,3,2.0,4.0,44821.0,4-2-3-1,4-2-3-1,Fenerbahçe Spor Kulübü,Trabzonspor Kulübü,2,30,16,113500000.0,5,130500000.0,6,46000000.0,4,27000000.0,3,54200000.0,5,15700000.0,4,15000000.0,1,19000000.0,1,475.6,277.0
4129514,TR1,2023,11. Matchday,2023-11-04,924,3209,2,4,20.0,17.0,468.0,4-2-3-1,4-2-3-1,İstanbulspor A.Ş.,Pendikspor,2,5,7,6225000.0,4,12800000.0,3,2200000.0,4,9125000.0,4,2700000.0,4,10950000.0,5,2500000.0,1,1000000.0,1,19.4,74.9
4129522,TR1,2023,11. Matchday,2023-11-05,2293,6646,1,1,16.0,14.0,9837.0,4-2-3-1,4-3-3 Attacking,Konyaspor,Fatih Karagümrük Sportif Faaliyetler San. Tic. A.Ş.,0,9,10,11600000.0,4,12600000.0,4,42800000.0,4,33500000.0,5,8100000.0,5,14200000.0,4,0.0,0,375000.0,1,96.4,120.0
4129519,TR1,2023,11. Matchday,2023-11-05,589,114,3,2,8.0,5.0,11413.0,4-2-3-1,4-3-3 Attacking,Antalyaspor,Beşiktaş Jimnastik Kulübü,1,12,19,17700000.0,3,112000000.0,5,12000000.0,6,71100000.0,5,32400000.0,5,58800000.0,5,7000000.0,1,10000000.0,1,94.6,358.4
4129518,TR1,2023,11. Matchday,2023-11-05,6890,868,3,3,18.0,12.0,2447.0,4-2-3-1,4-2-3-1,İstanbul Başakşehir Futbol Kulübü,Makina ve Kimya Endüstrisi Ankaragücü Spor Kulübü,0,8,12,54700000.0,5,24000000.0,6,19900000.0,5,10000000.0,4,33200000.0,4,7300000.0,5,8000000.0,1,900000.0,1,158.0,85.0
4129521,TR1,2023,11. Matchday,2023-11-05,2381,3840,1,1,10.0,3.0,3724.0,4-3-3 Attacking,4-2-3-1,Sivasspor Kulübü,Adana Demirspor Kulübü,0,13,20,10800000.0,4,60525000.0,5,5600000.0,3,34000000.0,3,6450000.0,4,9150000.0,4,800000.0,1,750000.0,1,59.6,161.4
4129517,TR1,2023,11. Matchday,2023-11-06,2832,126,2,0,13.0,11.0,6570.0,3-5-2 Attacking,4-2-3-1,Gaziantep Futbol Kulübü A.Ş.,Çaykur Rizespor Kulübü,1,9,14,15800000.0,5,17800000.0,5,10050000.0,3,22700000.0,4,31000000.0,5,9450000.0,5,2500000.0,1,3200000.0,1,95.4,66.2
4129513,TR1,2023,11. Matchday,2023-11-06,3205,11282,1,0,7.0,15.0,5248.0,4-3-3 Attacking,3-4-3,Kayserispor Kulübü,Alanyaspor,1,16,10,17700000.0,5,23300000.0,4,5850000.0,3,15500000.0,4,12500000.0,6,18050000.0,6,3000000.0,1,2800000.0,1,63.6,78.3
4126824,TR1,2023,4. Matchday,2023-11-08,152,924,2,1,13.0,20.0,20617.0,4-4-2 double 6,4-3-3 Attacking,Samsunspor,İstanbulspor A.Ş.,1,5,5,7900000.0,2,5775000.0,3,19900000.0,4,2600000.0,4,22600000.0,8,9700000.0,5,1300000.0,1,2500000.0,1,103.0,19.4
4129531,TR1,2023,12. Matchday,2023-11-10,868,589,0,4,14.0,7.0,9714.0,4-2-3-1,4-2-3-1,Makina ve Kimya Endüstrisi Ankaragücü Spor Kulübü,Antalyaspor,2,13,15,24000000.0,6,29700000.0,4,10000000.0,4,10000000.0,5,7300000.0,5,32950000.0,5,0.0,0,7000000.0,1,85.0,94.6
4129529,TR1,2023,12. Matchday,2023-11-10,449,2293,2,1,4.0,16.0,22551.0,4-2-3-1,4-2-3-1,Trabzonspor Kulübü,Konyaspor,1,19,10,125500000.0,5,11600000.0,4,27000000.0,3,25700000.0,4,22500000.0,4,6900000.0,5,19000000.0,1,0.0,0,277.0,96.4
4129528,TR1,2023,12. Matchday,2023-11-11,6646,2381,3,0,12.0,13.0,513.0,4-3-3 Attacking,4-3-3 Attacking,Fatih Karagümrük Sportif Faaliyetler San. Tic. A.Ş.,Sivasspor Kulübü,1,11,14,12600000.0,4,23800000.0,4,31050000.0,5,9600000.0,4,15200000.0,5,8050000.0,5,375000.0,1,800000.0,1,120.0,59.6
4129525,TR1,2023,12. Matchday,2023-11-11,10484,3205,3,4,8.0,6.0,1503.0,4-3-3 Attacking,4-2-3-1,Kasımpaşa Spor Kulübü,Kayserispor Kulübü,2,18,19,9500000.0,4,17700000.0,5,8500000.0,3,5850000.0,3,12000000.0,4,14250000.0,6,1500000.0,1,3000000.0,1,53.0,63.6
4129523,TR1,2023,12. Matchday,2023-11-11,7775,141,2,1,9.0,2.0,20573.0,4-3-3 Attacking,4-2-3-1,Hatayspor Futbol Kulübü,Galatasaray Spor Kulübü,1,14,31,11600000.0,4,320000000.0,8,6550000.0,5,74000000.0,2,27500000.0,4,103500000.0,5,600000.0,1,18000000.0,1,89.0,638.2
4129526,TR1,2023,12. Matchday,2023-11-11,11282,2832,0,3,17.0,11.0,1730.0,4-2-3-1,3-5-2,Alanyaspor,Gaziantep Futbol Kulübü A.Ş.,2,10,12,26700000.0,6,13800000.0,4,17000000.0,5,13550000.0,5,11400000.0,4,30300000.0,4,2800000.0,1,2500000.0,1,78.3,95.4
4129524,TR1,2023,12. Matchday,2023-11-12,3209,152,1,0,15.0,19.0,1065.0,4-2-3-1,4-2-3-1,Pendikspor,Samsunspor,1,10,8,12800000.0,3,14700000.0,4,18675000.0,4,30700000.0,5,12800000.0,5,14800000.0,4,1000000.0,1,1300000.0,1,74.9,103.0
4129530,TR1,2023,12. Matchday,2023-11-12,114,6890,1,0,5.0,18.0,25400.0,4-3-3 Attacking,4-2-3-1,Beşiktaş Jimnastik Kulübü,İstanbul Başakşehir Futbol Kulübü,1,19,9,58000000.0,3,54700000.0,5,85100000.0,7,21000000.0,4,38800000.0,5,38200000.0,5,5000000.0,1,8000000.0,1,358.4,158.0
4129527,TR1,2023,12. Matchday,2023-11-12,3840,36,0,0,3.0,1.0,27702.0,4-2-3-1,4-2-3-1,Adana Demirspor Kulübü,Fenerbahçe Spor Kulübü,0,21,30,96250000.0,5,161000000.0,6,32500000.0,3,37000000.0,4,14000000.0,3,54200000.0,5,750000.0,1,15000000.0,1,161.4,475.6
4129532,TR1,2023,12. Matchday,2023-11-12,126,924,1,0,10.0,20.0,3882.0,4-2-3-1,3-4-3,Çaykur Rizespor Kulübü,İstanbulspor A.Ş.,1,14,5,17500000.0,4,6625000.0,5,23050000.0,5,1900000.0,3,8650000.0,5,9700000.0,5,3200000.0,1,2500000.0,1,66.2,19.4
4129542,TR1,2023,13. Matchday,2023-11-25,2293,10484,2,0,15.0,8.0,5746.0,4-2-3-1,4-2-3-1,Konyaspor,Kasımpaşa Spor Kulübü,1,10,18,11600000.0,4,9500000.0,4,42800000.0,4,10000000.0,4,8100000.0,5,12000000.0,4,0.0,0,1500000.0,1,96.4,53.0
4129537,TR1,2023,13. Matchday,2023-11-25,2832,868,0,1,13.0,11.0,5551.0,3-5-2,4-2-3-1,Gaziantep Futbol Kulübü A.Ş.,Makina ve Kimya Endüstrisi Ankaragücü Spor Kulübü,2,15,13,33800000.0,5,20500000.0,5,11050000.0,4,6500000.0,4,30300000.0,4,11900000.0,6,2500000.0,1,900000.0,1,95.4,85.0
4129535,TR1,2023,13. Matchday,2023-11-25,141,11282,4,0,2.0,18.0,43470.0,4-2-3-1,4-2-3-1,Galatasaray Spor Kulübü,Alanyaspor,1,31,10,295000000.0,7,24200000.0,5,152000000.0,3,15500000.0,4,112500000.0,5,18900000.0,6,18000000.0,1,2800000.0,1,638.2,78.3
4129534,TR1,2023,13. Matchday,2023-11-25,924,7775,2,1,20.0,10.0,562.0,4-3-3 Attacking,4-3-3 Attacking,İstanbulspor A.Ş.,Hatayspor Futbol Kulübü,1,5,17,8225000.0,5,11600000.0,4,2600000.0,4,7650000.0,6,11400000.0,5,27750000.0,5,2500000.0,1,600000.0,1,19.4,89.0
4129539,TR1,2023,13. Matchday,2023-11-26,589,126,0,0,7.0,9.0,6882.0,4-2-3-1,4-2-3-1,Antalyaspor,Çaykur Rizespor Kulübü,0,18,17,29700000.0,4,7200000.0,5,10600000.0,5,20300000.0,3,40000000.0,6,8475000.0,6,7000000.0,1,3200000.0,1,94.6,66.2
4129540,TR1,2023,13. Matchday,2023-11-26,36,6646,2,1,1.0,14.0,38124.0,4-2-3-1,4-3-3 Attacking,Fenerbahçe Spor Kulübü,Fatih Karagümrük Sportif Faaliyetler San. Tic. A.Ş.,1,31,14,163500000.0,6,20600000.0,5,40000000.0,3,26500000.0,3,45200000.0,4,14200000.0,4,15000000.0,1,0.0,0,475.6,120.0
4129533,TR1,2023,13. Matchday,2023-11-26,3205,3840,1,1,6.0,4.0,9508.0,4-2-3-1,4-3-3 Attacking,Kayserispor Kulübü,Adana Demirspor Kulübü,0,22,22,17700000.0,5,65025000.0,5,5850000.0,3,31000000.0,5,11750000.0,5,8500000.0,2,3000000.0,1,750000.0,1,63.6,161.4
4129536,TR1,2023,13. Matchday,2023-11-26,152,114,1,2,19.0,3.0,19927.0,4-2-3-1,4-3-3 Attacking,Samsunspor,Beşiktaş Jimnastik Kulübü,2,8,22,14700000.0,4,55000000.0,4,23500000.0,4,73600000.0,5,17300000.0,5,35300000.0,5,1300000.0,1,5000000.0,1,103.0,358.4
4129541,TR1,2023,13. Matchday,2023-11-27,2381,449,3,3,12.0,5.0,3401.0,4-3-3 Attacking,4-3-3 Attacking,Sivasspor Kulübü,Trabzonspor Kulübü,0,14,22,24600000.0,4,125500000.0,5,8100000.0,4,40000000.0,3,6250000.0,4,15700000.0,4,800000.0,1,300000.0,1,59.6,277.0
4129538,TR1,2023,13. Matchday,2023-11-27,6890,3209,4,1,17.0,16.0,1206.0,4-2-3-1,4-2-3-1,İstanbul Başakşehir Futbol Kulübü,Pendikspor,1,9,13,52700000.0,4,12800000.0,3,20500000.0,5,19125000.0,5,39750000.0,6,8550000.0,4,8000000.0,1,1000000.0,1,158.0,74.9
4129548,TR1,2023,14. Matchday,2023-12-01,6646,924,3,0,11.0,20.0,310.0,4-2-3-1,4-2-3-1,Fatih Karagümrük Sportif Faaliyetler San. Tic. A.Ş.,İstanbulspor A.Ş.,1,14,8,20600000.0,5,7775000.0,4,31500000.0,5,2300000.0,5,12200000.0,4,11400000.0,5,0.0,0,2500000.0,1,120.0,19.4
4129543,TR1,2023,14. Matchday,2023-12-01,7775,589,3,3,10.0,9.0,3760.0,4-3-3 Attacking,4-2-3-1,Hatayspor Futbol Kulübü,Antalyaspor,0,17,19,15600000.0,4,29700000.0,4,7650000.0,6,12000000.0,6,27500000.0,4,16250000.0,4,600000.0,1,7000000.0,1,89.0,94.6
4129546,TR1,2023,14. Matchday,2023-12-02,11282,2293,2,2,19.0,15.0,2939.0,4-2-3-1,4-2-3-1,Alanyaspor,Konyaspor,0,10,13,24200000.0,5,5600000.0,3,17000000.0,5,42800000.0,4,4500000.0,3,9100000.0,6,100000.0,1,0.0,0,78.3,96.4
4129547,TR1,2023,14. Matchday,2023-12-02,3840,152,2,3,4.0,18.0,9743.0,4-2-3-1,4-2-3-1,Adana Demirspor Kulübü,Samsunspor,2,23,8,28525000.0,4,14700000.0,4,27500000.0,3,17700000.0,4,7650000.0,4,12100000.0,6,850000.0,1,1300000.0,1,161.4,103.0
4129552,TR1,2023,14. Matchday,2023-12-02,126,6890,3,2,8.0,17.0,4100.0,4-2-3-1,4-2-3-1,Çaykur Rizespor Kulübü,İstanbul Başakşehir Futbol Kulübü,1,18,12,19000000.0,5,54700000.0,5,21600000.0,3,13500000.0,4,7150000.0,5,33200000.0,4,3200000.0,1,8000000.0,1,66.2,158.0
4129544,TR1,2023,14. Matchday,2023-12-02,3209,141,0,2,16.0,2.0,1405.0,4-2-3-1,4-2-3-1,Pendikspor,Galatasaray Spor Kulübü,2,13,34,12800000.0,3,265000000.0,7,8450000.0,3,171000000.0,4,10350000.0,4,52500000.0,4,1000000.0,1,18000000.0,1,74.9,638.2
4129545,TR1,2023,14. Matchday,2023-12-03,10484,2832,4,2,7.0,14.0,1582.0,4-3-3 Attacking,3-5-2,Kasımpaşa Spor Kulübü,Gaziantep Futbol Kulübü A.Ş.,1,18,15,9950000.0,5,35725000.0,6,10800000.0,5,10500000.0,3,12000000.0,4,30300000.0,4,1500000.0,1,2500000.0,1,53.0,95.4
4129551,TR1,2023,14. Matchday,2023-12-03,868,114,1,1,12.0,3.0,16883.0,4-2-3-1,4-3-3 Attacking,Makina ve Kimya Endüstrisi Ankaragücü Spor Kulübü,Beşiktaş Jimnastik Kulübü,0,16,25,20500000.0,5,87000000.0,4,5500000.0,3,75500000.0,4,10000000.0,5,41300000.0,6,900000.0,1,5000000.0,1,85.0,358.4
4129549,TR1,2023,14. Matchday,2023-12-03,449,3205,0,1,5.0,6.0,18560.0,4-2-3-1,4-2-3-1,Trabzonspor Kulübü,Kayserispor Kulübü,2,23,23,127100000.0,6,25700000.0,6,22800000.0,4,3350000.0,2,13700000.0,3,12500000.0,6,19000000.0,1,3000000.0,1,277.0,63.6
4129550,TR1,2023,14. Matchday,2023-12-04,36,2381,4,1,1.0,13.0,31561.0,4-3-3 Attacking,4-3-3 Attacking,Fenerbahçe Spor Kulübü,Sivasspor Kulübü,1,34,15,93500000.0,5,20000000.0,3,90000000.0,4,12100000.0,5,54200000.0,5,10250000.0,5,15000000.0,1,800000.0,1,475.6,59.6
4129555,TR1,2023,15. Matchday,2023-12-08,141,3840,3,1,2.0,6.0,45183.0,4-2-3-1,4-2-3-1,Galatasaray Spor Kulübü,Adana Demirspor Kulübü,1,37,23,274300000.0,8,67625000.0,6,106000000.0,3,42500000.0,5,60000000.0,4,15000000.0,3,18000000.0,1,850000.0,1,638.2,161.4
4129559,TR1,2023,15. Matchday,2023-12-09,589,6646,2,1,7.0,13.0,4819.0,4-2-3-1,4-2-3-1,Antalyaspor,Fatih Karagümrük Sportif Faaliyetler San. Tic. A.Ş.,1,20,17,10700000.0,2,20600000.0,5,12000000.0,6,30500000.0,4,40000000.0,6,15200000.0,5,650000.0,1,0.0,0,94.6,120.0
4129560,TR1,2023,15. Matchday,2023-12-09,114,36,1,3,5.0,1.0,37703.0,4-3-3 Attacking,4-2-3-1,Beşiktaş Jimnastik Kulübü,Fenerbahçe Spor Kulübü,2,26,37,99000000.0,5,143500000.0,5,69600000.0,4,90000000.0,4,68300000.0,6,64200000.0,6,5000000.0,1,15000000.0,1,358.4,475.6
4129556,TR1,2023,15. Matchday,2023-12-09,152,10484,4,2,17.0,9.0,12173.0,4-2-3-1,4-3-3 Attacking,Samsunspor,Kasımpaşa Spor Kulübü,1,11,21,12400000.0,4,9950000.0,5,27400000.0,6,10800000.0,5,12300000.0,4,5625000.0,3,1300000.0,1,1500000.0,1,103.0,53.0
4129553,TR1,2023,15. Matchday,2023-12-10,3205,3209,2,0,4.0,19.0,5982.0,4-2-3-1,4-3-3 Attacking,Kayserispor Kulübü,Pendikspor,1,26,13,25700000.0,6,12400000.0,4,6750000.0,4,18450000.0,4,15250000.0,5,8550000.0,4,3000000.0,1,1000000.0,1,63.6,74.9
4129558,TR1,2023,15. Matchday,2023-12-10,6890,7775,1,0,14.0,10.0,1566.0,4-3-3 Attacking,4-3-3 Attacking,İstanbul Başakşehir Futbol Kulübü,Hatayspor Futbol Kulübü,1,12,18,49200000.0,3,13100000.0,4,20500000.0,5,7950000.0,6,39500000.0,6,20500000.0,4,8000000.0,1,600000.0,1,158.0,89.0
4129557,TR1,2023,15. Matchday,2023-12-10,2832,449,1,3,15.0,3.0,8814.0,4-2-3-1,4-2-3-1,Gaziantep Futbol Kulübü A.Ş.,Trabzonspor Kulübü,2,15,23,26800000.0,5,55500000.0,5,12150000.0,4,49000000.0,5,29000000.0,3,10200000.0,2,2500000.0,1,19000000.0,1,95.4,277.0
4129554,TR1,2023,15. Matchday,2023-12-10,924,11282,0,1,20.0,18.0,501.0,4-2-3-1,4-2-3-1,İstanbulspor A.Ş.,Alanyaspor,2,8,11,8625000.0,6,24200000.0,5,2925000.0,5,16000000.0,4,8700000.0,4,15300000.0,5,200000.0,1,2800000.0,1,19.4,78.3
4129562,TR1,2023,15. Matchday,2023-12-11,2293,2381,0,1,16.0,12.0,6899.0,4-2-3-1,4-3-3 Attacking,Konyaspor,Sivasspor Kulübü,2,14,15,11600000.0,4,18200000.0,3,42800000.0,4,8100000.0,4,8500000.0,5,8050000.0,5,0.0,0,800000.0,1,96.4,59.6
4129561,TR1,2023,15. Matchday,2023-12-11,868,126,1,1,11.0,8.0,6975.0,4-2-3-1,4-2-3-1,Makina ve Kimya Endüstrisi Ankaragücü Spor Kulübü,Çaykur Rizespor Kulübü,0,17,21,24000000.0,6,19000000.0,5,5500000.0,3,21500000.0,3,6400000.0,4,9350000.0,5,900000.0,1,3200000.0,1,85.0,66.2
4129578,TR1,2023,17. Matchday,2023-12-19,6890,2381,3,1,10.0,14.0,1331.0,4-3-3 Attacking,4-3-3 Attacking,İstanbul Başakşehir Futbol Kulübü,Sivasspor Kulübü,1,15,18,52700000.0,4,21200000.0,4,22400000.0,5,5600000.0,3,41750000.0,5,6250000.0,4,8000000.0,1,800000.0,1,158.0,59.6
4129577,TR1,2023,17. Matchday,2023-12-19,2832,3840,2,2,16.0,7.0,6514.0,3-4-3,4-4-2 double 6,Gaziantep Futbol Kulübü A.Ş.,Adana Demirspor Kulübü,0,15,23,35500000.0,5,67625000.0,6,2650000.0,2,36000000.0,5,28500000.0,4,15000000.0,3,2500000.0,1,850000.0,1,95.4,161.4
4129574,TR1,2023,17. Matchday,2023-12-19,924,449,0,3,20.0,3.0,2641.0,5-4-1,4-3-3 Attacking,İstanbulspor A.Ş.,Trabzonspor Kulübü,2,8,26,6500000.0,2,46000000.0,3,2100000.0,3,47000000.0,4,9700000.0,5,10200000.0,2,200000.0,1,19000000.0,1,19.4,277.0
4129575,TR1,2023,17. Matchday,2023-12-20,141,6646,1,0,2.0,11.0,38587.0,4-2-3-1,4-3-3 Attacking,Galatasaray Spor Kulübü,Fatih Karagümrük Sportif Faaliyetler San. Tic. A.Ş.,1,40,17,320000000.0,8,16600000.0,4,152000000.0,3,28000000.0,5,60000000.0,4,11200000.0,4,2800000.0,1,375000.0,1,638.2,120.0
4129579,TR1,2023,17. Matchday,2023-12-20,589,10484,0,0,5.0,9.0,5081.0,4-2-3-1,4-3-3 Attacking,Antalyaspor,Kasımpaşa Spor Kulübü,0,23,21,20700000.0,3,9500000.0,4,9100000.0,4,10000000.0,4,36150000.0,6,12000000.0,4,650000.0,1,1500000.0,1,94.6,53.0
4129573,TR1,2023,17. Matchday,2023-12-20,3205,36,3,4,6.0,1.0,13049.0,4-2-3-1,4-2-3-1,Kayserispor Kulübü,Fenerbahçe Spor Kulübü,2,29,40,25700000.0,6,133000000.0,6,5850000.0,3,83500000.0,4,12750000.0,4,55000000.0,5,3000000.0,1,15000000.0,1,63.6,475.6
4129580,TR1,2023,17. Matchday,2023-12-21,114,11282,1,3,4.0,15.0,13843.0,4-3-3 Attacking,4-2-3-1,Beşiktaş Jimnastik Kulübü,Alanyaspor,2,26,14,112000000.0,5,9200000.0,4,57100000.0,5,17000000.0,5,36800000.0,4,10900000.0,5,5000000.0,1,2800000.0,1,358.4,78.3
4129582,TR1,2023,17. Matchday,2023-12-21,126,3209,5,1,8.0,19.0,2840.0,4-2-3-1,4-3-3 Attacking,Çaykur Rizespor Kulübü,Pendikspor,1,22,13,19000000.0,5,10400000.0,3,22700000.0,4,14125000.0,4,5675000.0,5,9800000.0,5,550000.0,1,400000.0,1,66.2,74.9
4129581,TR1,2023,17. Matchday,2023-12-21,868,7775,0,0,13.0,12.0,151.0,4-2-3-1,4-2-3-1,Makina ve Kimya Endüstrisi Ankaragücü Spor Kulübü,Hatayspor Futbol Kulübü,0,18,18,17000000.0,5,13100000.0,4,5500000.0,3,7650000.0,6,7300000.0,5,20200000.0,4,900000.0,1,600000.0,1,85.0,89.0
4129576,TR1,2023,17. Matchday,2023-12-21,152,2293,1,1,17.0,18.0,10724.0,4-2-3-1,4-2-3-1,Samsunspor,Konyaspor,0,14,14,23900000.0,6,11600000.0,4,14700000.0,3,42800000.0,4,5150000.0,4,8100000.0,5,1300000.0,1,0.0,0,103.0,96.4
4129589,TR1,2023,18. Matchday,2023-12-23,6646,2832,0,3,14.0,16.0,474.0,4-3-3 Attacking,3-4-3,Fatih Karagümrük Sportif Faaliyetler San. Tic. A.Ş.,Gaziantep Futbol Kulübü A.Ş.,2,17,16,17100000.0,4,35725000.0,6,31500000.0,5,9650000.0,3,10700000.0,4,28500000.0,4,375000.0,1,2500000.0,1,120.0,95.4
4129590,TR1,2023,18. Matchday,2023-12-23,449,6890,1,1,3.0,10.0,12431.0,4-3-3 Attacking,4-3-3 Attacking,Trabzonspor Kulübü,İstanbul Başakşehir Futbol Kulübü,0,29,18,125500000.0,5,48700000.0,4,47000000.0,4,19000000.0,4,12200000.0,3,43050000.0,6,19000000.0,1,8000000.0,1,277.0,158.0
4129591,TR1,2023,18. Matchday,2023-12-23,2381,924,1,0,11.0,20.0,1816.0,4-3-3 Attacking,4-3-3 Attacking,Sivasspor Kulübü,İstanbulspor A.Ş.,1,18,8,21200000.0,4,7775000.0,4,8100000.0,4,2675000.0,5,6250000.0,4,11875000.0,5,800000.0,1,200000.0,1,59.6,19.4
4129592,TR1,2023,18. Matchday,2023-12-24,2293,3205,2,0,17.0,7.0,8032.0,4-2-3-1,4-2-3-1,Konyaspor,Kayserispor Kulübü,1,15,29,11600000.0,4,25700000.0,6,44300000.0,5,3475000.0,3,7500000.0,5,12750000.0,4,0.0,0,3000000.0,1,96.4,63.6
4129583,TR1,2023,18. Matchday,2023-12-24,36,141,0,0,1.0,2.0,45401.0,4-3-3 Attacking,4-2-3-1,Fenerbahçe Spor Kulübü,Galatasaray Spor Kulübü,0,43,43,163500000.0,6,296300000.0,8,40000000.0,3,152000000.0,3,50000000.0,4,60000000.0,4,15000000.0,1,18000000.0,1,475.6,638.2
4129588,TR1,2023,18. Matchday,2023-12-24,3840,589,2,1,5.0,6.0,7387.0,4-2-3-1,4-2-3-1,Adana Demirspor Kulübü,Antalyaspor,1,24,24,52625000.0,5,16000000.0,2,21000000.0,4,10600000.0,6,10000000.0,3,32400000.0,5,850000.0,1,650000.0,1,161.4,94.6
4129585,TR1,2023,18. Matchday,2023-12-25,3209,868,1,1,19.0,12.0,1067.0,4-2-3-1,4-2-3-1,Pendikspor,Makina ve Kimya Endüstrisi Ankaragücü Spor Kulübü,0,13,19,10400000.0,3,20500000.0,5,13450000.0,3,5500000.0,3,14950000.0,6,7500000.0,5,400000.0,1,900000.0,1,74.9,85.0
4129586,TR1,2023,18. Matchday,2023-12-25,10484,126,2,2,9.0,8.0,1627.0,4-3-3 Attacking,4-2-3-1,Kasımpaşa Spor Kulübü,Çaykur Rizespor Kulübü,0,22,25,9500000.0,4,19000000.0,5,10000000.0,4,22700000.0,4,12000000.0,4,8925000.0,5,1500000.0,1,3200000.0,1,53.0,66.2
4129587,TR1,2023,18. Matchday,2023-12-25,11282,152,3,1,13.0,18.0,2207.0,4-2-3-1,4-2-3-1,Alanyaspor,Samsunspor,1,17,15,7200000.0,3,23900000.0,6,17000000.0,5,24000000.0,3,20900000.0,7,13300000.0,6,2800000.0,1,1300000.0,1,78.3,103.0
4129584,TR1,2023,18. Matchday,2023-12-25,7775,114,1,2,15.0,4.0,11434.0,4-2-3-1,4-2-3-1,Hatayspor Futbol Kulübü,Beşiktaş Jimnastik Kulübü,2,19,26,13100000.0,4,72000000.0,4,7950000.0,6,17100000.0,4,47400000.0,5,43300000.0,5,600000.0,1,5000000.0,1,89.0,358.4
4129599,TR1,2023,19. Matchday,2024-01-05,589,11282,0,0,7.0,12.0,11579.0,4-3-3 Attacking,4-2-3-1,Antalyaspor,Alanyaspor,0,24,20,34200000.0,5,4300000.0,2,9000000.0,4,17000000.0,5,16000000.0,4,14100000.0,5,7000000.0,1,2800000.0,1,94.6,78.3
4129600,TR1,2023,19. Matchday,2024-01-05,114,10484,1,3,4.0,9.0,15969.0,4-3-3 Attacking,4-3-3 Attacking,Beşiktaş Jimnastik Kulübü,Kasımpaşa Spor Kulübü,2,29,23,84000000.0,5,8500000.0,3,35500000.0,3,10000000.0,4,20975000.0,5,5625000.0,3,5000000.0,1,1500000.0,1,358.4,53.0
4129597,TR1,2023,19. Matchday,2024-01-05,2832,3209,2,2,14.0,19.0,3200.0,3-4-3,4-3-3 Attacking,Gaziantep Futbol Kulübü A.Ş.,Pendikspor,0,19,14,26500000.0,4,13400000.0,4,11050000.0,4,13450000.0,3,28500000.0,4,14950000.0,6,2500000.0,1,1000000.0,1,95.4,74.9
4129598,TR1,2023,19. Matchday,2024-01-06,6890,3840,0,0,11.0,5.0,2584.0,4-3-3 Attacking,4-2-3-1,İstanbul Başakşehir Futbol Kulübü,Adana Demirspor Kulübü,0,19,27,54700000.0,5,52625000.0,5,19000000.0,4,28000000.0,5,41750000.0,5,17000000.0,4,8000000.0,1,850000.0,1,158.0,161.4
4129602,TR1,2023,19. Matchday,2024-01-06,126,7775,2,0,6.0,16.0,3665.0,4-2-3-1,4-2-3-1,Çaykur Rizespor Kulübü,Hatayspor Futbol Kulübü,1,26,19,19000000.0,5,10800000.0,3,22700000.0,4,7650000.0,6,8475000.0,5,46000000.0,4,3200000.0,1,600000.0,1,66.2,89.0
4129596,TR1,2023,19. Matchday,2024-01-06,152,6646,1,0,17.0,15.0,12626.0,4-4-2 double 6,4-3-3 Attacking,Samsunspor,Fatih Karagümrük Sportif Faaliyetler San. Tic. A.Ş.,1,15,17,23900000.0,6,17100000.0,4,29900000.0,5,10050000.0,4,4600000.0,4,12500000.0,4,1300000.0,1,375000.0,1,103.0,120.0
4129601,TR1,2023,19. Matchday,2024-01-06,868,449,0,1,13.0,3.0,1098.0,4-2-3-1,4-3-3 Attacking,Makina ve Kimya Endüstrisi Ankaragücü Spor Kulübü,Trabzonspor Kulübü,2,20,30,17000000.0,5,44500000.0,4,6500000.0,4,49000000.0,5,7500000.0,5,20700000.0,4,900000.0,1,19000000.0,1,85.0,277.0
4129595,TR1,2023,19. Matchday,2024-01-07,141,2293,3,0,2.0,18.0,36340.0,4-2-3-1,4-2-3-1,Galatasaray Spor Kulübü,Konyaspor,1,44,18,149300000.0,6,10000000.0,4,98700000.0,4,27300000.0,5,40750000.0,5,7500000.0,4,18000000.0,1,275000.0,1,638.2,96.4
4129594,TR1,2023,19. Matchday,2024-01-07,924,36,1,5,20.0,1.0,21038.0,4-3-3 Attacking,4-2-3-1,İstanbulspor A.Ş.,Fenerbahçe Spor Kulübü,2,8,44,8175000.0,5,157000000.0,6,2600000.0,4,41000000.0,4,12200000.0,6,46000000.0,4,200000.0,1,15000000.0,1,19.4,475.6
4129593,TR1,2023,19. Matchday,2024-01-07,3205,2381,1,3,8.0,10.0,8200.0,4-3-3 Attacking,4-2-3-1,Kayserispor Kulübü,Sivasspor Kulübü,2,29,21,17900000.0,6,5200000.0,3,3350000.0,2,4600000.0,3,10750000.0,4,8050000.0,5,3000000.0,1,800000.0,1,63.6,59.6
4129566,TR1,2023,16. Matchday,2024-01-09,11282,868,1,1,16.0,12.0,2335.0,4-2-3-1,4-2-3-1,Alanyaspor,Makina ve Kimya Endüstrisi Ankaragücü Spor Kulübü,0,21,20,8300000.0,3,15500000.0,4,13000000.0,4,5500000.0,3,20900000.0,7,11500000.0,6,2800000.0,1,900000.0,1,78.3,85.0
4129572,TR1,2023,16. Matchday,2024-01-09,126,114,0,4,8.0,4.0,7221.0,4-2-3-1,4-2-3-1,Çaykur Rizespor Kulübü,Beşiktaş Jimnastik Kulübü,2,29,29,19000000.0,5,84250000.0,6,21600000.0,3,33600000.0,4,8125000.0,5,17975000.0,5,3750000.0,2,5000000.0,1,66.2,358.4
4129564,TR1,2023,16. Matchday,2024-01-09,3209,589,0,1,19.0,5.0,584.0,4-3-3 Attacking,4-2-3-1,Pendikspor,Antalyaspor,2,15,25,13400000.0,4,16000000.0,2,11125000.0,3,9300000.0,5,13750000.0,5,30400000.0,5,1000000.0,1,7000000.0,1,74.9,94.6
4129565,TR1,2023,16. Matchday,2024-01-09,10484,6890,0,3,9.0,14.0,815.0,4-3-3 Attacking,4-2-3-1,Kasımpaşa Spor Kulübü,İstanbul Başakşehir Futbol Kulübü,2,26,20,8575000.0,4,14900000.0,5,10175000.0,5,13675000.0,5,5625000.0,3,38450000.0,5,1500000.0,1,8000000.0,1,53.0,158.0
4129567,TR1,2023,16. Matchday,2024-01-10,3840,924,2,2,7.0,20.0,6059.0,4-2-3-1,3-4-3,Adana Demirspor Kulübü,İstanbulspor A.Ş.,0,28,8,46125000.0,4,7775000.0,4,28000000.0,5,2425000.0,4,9000000.0,3,11625000.0,5,850000.0,1,200000.0,1,161.4,19.4
4129568,TR1,2023,16. Matchday,2024-01-10,6646,3205,4,1,10.0,6.0,394.0,4-2-3-1,4-2-3-1,Fatih Karagümrük Sportif Faaliyetler San. Tic. A.Ş.,Kayserispor Kulübü,1,17,29,17100000.0,4,15100000.0,5,13050000.0,5,4775000.0,5,7750000.0,4,9750000.0,4,375000.0,1,3000000.0,1,120.0,63.6
4129563,TR1,2023,16. Matchday,2024-01-10,7775,2832,0,0,11.0,15.0,1523.0,4-3-3 Attacking,3-4-3,Hatayspor Futbol Kulübü,Gaziantep Futbol Kulübü A.Ş.,0,19,20,17600000.0,5,24500000.0,3,6150000.0,5,11050000.0,4,47400000.0,5,27500000.0,5,600000.0,1,2500000.0,1,89.0,95.4
4129570,TR1,2023,16. Matchday,2024-01-10,36,2293,7,1,1.0,18.0,29597.0,4-2-3-1,4-2-3-1,Fenerbahçe Spor Kulübü,Konyaspor,1,47,18,165000000.0,7,4000000.0,3,81000000.0,4,44300000.0,5,46000000.0,4,8600000.0,6,15000000.0,1,275000.0,1,475.6,96.4
4129569,TR1,2023,16. Matchday,2024-01-11,449,152,2,1,3.0,17.0,11434.0,4-2-3-1,4-2-3-1,Trabzonspor Kulübü,Samsunspor,1,33,18,44500000.0,4,23900000.0,6,50250000.0,6,27500000.0,4,20700000.0,4,7100000.0,5,19000000.0,1,1300000.0,1,277.0,103.0
4129571,TR1,2023,16. Matchday,2024-01-11,2381,141,1,1,13.0,2.0,5012.0,3-5-2 Attacking,4-2-3-1,Sivasspor Kulübü,Galatasaray Spor Kulübü,0,24,47,3200000.0,2,136375000.0,6,8600000.0,4,153300000.0,4,12850000.0,7,31750000.0,4,800000.0,1,18000000.0,1,59.6,638.2
4261508,TR1,2023,20. Matchday,2024-01-13,114,6646,3,0,4.0,17.0,22109.0,4-2-3-1,4-3-3 Attacking,Beşiktaş Jimnastik Kulübü,Fatih Karagümrük Sportif Faaliyetler San. Tic. A.Ş.,1,32,20,124000000.0,6,17100000.0,4,37000000.0,4,27050000.0,6,23300000.0,5,11000000.0,3,5000000.0,1,375000.0,1,358.4,120.0
4261506,TR1,2023,20. Matchday,2024-01-13,6890,11282,3,2,8.0,13.0,1131.0,4-3-3 Attacking,4-2-3-1,İstanbul Başakşehir Futbol Kulübü,Alanyaspor,1,23,22,51200000.0,4,23300000.0,4,20500000.0,5,6500000.0,3,43450000.0,6,16600000.0,5,8000000.0,1,2800000.0,1,158.0,78.3
4261505,TR1,2023,20. Matchday,2024-01-13,868,10484,3,1,12.0,10.0,23.0,4-2-3-1,4-3-3 Attacking,Makina ve Kimya Endüstrisi Ankaragücü Spor Kulübü,Kasımpaşa Spor Kulübü,1,21,26,17000000.0,5,8500000.0,3,8400000.0,4,10175000.0,5,7500000.0,5,5625000.0,3,900000.0,1,1500000.0,1,85.0,53.0
4261504,TR1,2023,20. Matchday,2024-01-13,7775,3209,1,1,14.0,19.0,1178.0,4-3-3 Attacking,4-3-3 Attacking,Hatayspor Futbol Kulübü,Pendikspor,0,20,15,8800000.0,3,13400000.0,4,7650000.0,6,16125000.0,4,47400000.0,5,9950000.0,5,600000.0,1,1000000.0,1,89.0,74.9
4261507,TR1,2023,20. Matchday,2024-01-13,126,3840,1,0,5.0,6.0,2676.0,4-2-3-1,4-3-3 Attacking,Çaykur Rizespor Kulübü,Adana Demirspor Kulübü,1,29,29,16500000.0,4,46125000.0,4,20300000.0,3,20600000.0,4,9925000.0,6,18100000.0,6,3200000.0,1,850000.0,1,66.2,161.4
4261511,TR1,2023,20. Matchday,2024-01-14,152,2381,2,0,15.0,11.0,11488.0,4-2-3-1,4-1-4-1,Samsunspor,Sivasspor Kulübü,1,18,25,20400000.0,5,11800000.0,5,29200000.0,4,6500000.0,2,16100000.0,6,11050000.0,6,1300000.0,1,800000.0,1,103.0,59.6
4261509,TR1,2023,20. Matchday,2024-01-14,589,449,1,1,7.0,3.0,10851.0,4-3-3 Attacking,4-2-3-1,Antalyaspor,Trabzonspor Kulübü,0,28,36,17700000.0,3,22500000.0,3,9800000.0,5,38800000.0,4,12150000.0,4,24675000.0,6,7000000.0,1,19000000.0,1,94.6,277.0
4261512,TR1,2023,20. Matchday,2024-01-14,924,2293,0,0,20.0,18.0,692.0,4-3-3 Attacking,4-2-3-1,İstanbulspor A.Ş.,Konyaspor,0,9,18,7775000.0,4,11925000.0,5,3000000.0,6,42800000.0,4,9375000.0,4,6900000.0,6,200000.0,1,275000.0,1,19.4,96.4
4261510,TR1,2023,20. Matchday,2024-01-14,2832,36,0,1,16.0,1.0,23889.0,3-4-3,4-3-3 Attacking,Gaziantep Futbol Kulübü A.Ş.,Fenerbahçe Spor Kulübü,2,21,50,26500000.0,4,163500000.0,6,11050000.0,4,80000000.0,3,28500000.0,4,91000000.0,5,2500000.0,1,15000000.0,1,95.4,475.6
4261503,TR1,2023,20. Matchday,2024-01-15,141,3205,2,1,2.0,9.0,33859.0,4-2-3-1,4-2-3-1,Galatasaray Spor Kulübü,Kayserispor Kulübü,1,48,29,132375000.0,6,11900000.0,4,158800000.0,5,2450000.0,5,60000000.0,4,14250000.0,5,18000000.0,1,3000000.0,1,638.2,63.6
4129621,TR1,2023,21. Matchday,2024-01-20,3840,868,1,1,6.0,12.0,7880.0,4-2-3-1,4-2-3-1,Adana Demirspor Kulübü,Makina ve Kimya Endüstrisi Ankaragücü Spor Kulübü,0,29,24,46375000.0,5,17000000.0,5,27500000.0,4,7400000.0,3,17600000.0,5,11500000.0,6,850000.0,1,900000.0,1,161.4,85.0
4129620,TR1,2023,21. Matchday,2024-01-20,3209,114,4,0,19.0,4.0,1393.0,4-4-2 double 6,4-3-3 Attacking,Pendikspor,Beşiktaş Jimnastik Kulübü,1,16,35,18100000.0,6,124000000.0,6,15675000.0,3,25600000.0,3,11450000.0,5,23300000.0,5,1000000.0,1,5000000.0,1,74.9,358.4
4129613,TR1,2023,21. Matchday,2024-01-20,10484,7775,3,0,8.0,17.0,805.0,4-3-3 Attacking,4-2-3-1,Kasımpaşa Spor Kulübü,Hatayspor Futbol Kulübü,1,26,21,11500000.0,5,13100000.0,4,10175000.0,5,9450000.0,7,7000000.0,3,22400000.0,4,1500000.0,1,400000.0,1,53.0,89.0
4129618,TR1,2023,21. Matchday,2024-01-20,6646,6890,1,1,16.0,9.0,662.0,4-2-3-1,4-3-3 Attacking,Fatih Karagümrük Sportif Faaliyetler San. Tic. A.Ş.,İstanbul Başakşehir Futbol Kulübü,0,20,26,18700000.0,5,51200000.0,4,23500000.0,4,18900000.0,5,16250000.0,6,38450000.0,5,21500000.0,1,8000000.0,1,120.0,158.0
4129622,TR1,2023,21. Matchday,2024-01-20,11282,126,2,1,13.0,5.0,1668.0,4-2-3-1,4-2-3-1,Alanyaspor,Çaykur Rizespor Kulübü,1,22,32,19300000.0,3,19200000.0,6,15500000.0,4,21500000.0,3,20900000.0,7,9200000.0,4,2800000.0,1,3200000.0,1,78.3,66.2
4129617,TR1,2023,21. Matchday,2024-01-21,2381,2832,2,2,11.0,14.0,4347.0,4-3-3 Attacking,3-4-3,Sivasspor Kulübü,Gaziantep Futbol Kulübü A.Ş.,0,25,21,10600000.0,4,6700000.0,4,7900000.0,3,13050000.0,5,12250000.0,6,30200000.0,4,800000.0,1,2500000.0,1,59.6,95.4
4129616,TR1,2023,21. Matchday,2024-01-21,36,152,1,1,1.0,15.0,39515.0,4-2-3-1,4-2-3-1,Fenerbahçe Spor Kulübü,Samsunspor,0,53,21,168500000.0,7,15900000.0,5,90000000.0,4,25700000.0,4,86000000.0,4,8950000.0,6,15000000.0,1,1300000.0,1,475.6,103.0
4129615,TR1,2023,21. Matchday,2024-01-21,449,141,1,5,3.0,2.0,36352.0,4-2-3-1,4-2-3-1,Trabzonspor Kulübü,Galatasaray Spor Kulübü,2,37,51,22500000.0,3,245000000.0,6,50175000.0,6,157500000.0,4,24200000.0,5,120000000.0,5,19000000.0,1,18000000.0,1,277.0,638.2
4129619,TR1,2023,21. Matchday,2024-01-21,2293,589,1,1,18.0,7.0,7369.0,4-2-3-1,4-3-3 Attacking,Konyaspor,Antalyaspor,0,19,29,11600000.0,4,28000000.0,3,55800000.0,5,11300000.0,6,5300000.0,4,16650000.0,5,275000.0,1,7000000.0,1,96.4,94.6
4129614,TR1,2023,21. Matchday,2024-01-22,3205,924,0,1,10.0,20.0,2468.0,4-3-3 Attacking,3-5-2,Kayserispor Kulübü,İstanbulspor A.Ş.,2,29,10,6700000.0,4,8175000.0,5,4375000.0,4,2600000.0,4,14500000.0,5,9375000.0,4,3000000.0,1,200000.0,1,63.6,19.4
4129626,TR1,2023,22. Matchday,2024-01-23,7775,11282,1,1,16.0,12.0,1473.0,4-3-3 Attacking,4-2-3-1,Hatayspor Futbol Kulübü,Alanyaspor,0,21,25,13100000.0,4,20200000.0,4,8450000.0,6,13000000.0,4,3200000.0,5,18300000.0,6,600000.0,1,2800000.0,1,89.0,78.3
4129627,TR1,2023,22. Matchday,2024-01-23,114,3840,0,0,4.0,7.0,19856.0,4-3-3 Attacking,4-2-3-1,Beşiktaş Jimnastik Kulübü,Adana Demirspor Kulübü,0,35,30,124000000.0,6,46375000.0,5,25600000.0,3,28000000.0,5,17675000.0,4,17500000.0,5,5000000.0,1,850000.0,1,358.4,161.4
4129625,TR1,2023,22. Matchday,2024-01-23,3209,10484,3,2,17.0,8.0,1617.0,4-4-2 double 6,4-3-3 Attacking,Pendikspor,Kasımpaşa Spor Kulübü,1,19,29,18100000.0,6,11500000.0,5,15675000.0,3,10000000.0,4,11450000.0,5,6125000.0,3,1000000.0,1,375000.0,1,74.9,53.0
4129631,TR1,2023,22. Matchday,2024-01-24,589,2381,2,1,6.0,13.0,7517.0,4-3-3 Attacking,3-4-3,Antalyaspor,Sivasspor Kulübü,1,30,26,28000000.0,3,11800000.0,5,12900000.0,6,7000000.0,2,12150000.0,4,8325000.0,6,7000000.0,1,800000.0,1,94.6,59.6
4129632,TR1,2023,22. Matchday,2024-01-24,2832,2293,1,1,15.0,19.0,239.0,3-5-2 Attacking,4-2-3-1,Gaziantep Futbol Kulübü A.Ş.,Konyaspor,0,22,20,23925000.0,5,5600000.0,3,4050000.0,3,55800000.0,5,31000000.0,5,5800000.0,5,2500000.0,1,275000.0,1,95.4,96.4
4129630,TR1,2023,22. Matchday,2024-01-24,6890,36,0,1,10.0,1.0,7100.0,4-3-3 Attacking,4-3-3 Attacking,İstanbul Başakşehir Futbol Kulübü,Fenerbahçe Spor Kulübü,2,27,54,51200000.0,4,148500000.0,6,11000000.0,3,40000000.0,3,41750000.0,5,46000000.0,4,8000000.0,1,15000000.0,1,158.0,475.6
4129628,TR1,2023,22. Matchday,2024-01-24,868,6646,2,0,9.0,18.0,,4-2-3-1,4-2-3-1,Makina ve Kimya Endüstrisi Ankaragücü Spor Kulübü,Fatih Karagümrük Sportif Faaliyetler San. Tic. A.Ş.,1,25,21,17000000.0,5,18700000.0,5,10000000.0,4,24500000.0,4,11500000.0,6,14200000.0,5,900000.0,1,21500000.0,1,85.0,120.0
4129624,TR1,2023,22. Matchday,2024-01-25,141,924,3,1,2.0,20.0,38309.0,4-2-3-1,5-4-1 Diamond,Galatasaray Spor Kulübü,İstanbulspor A.Ş.,1,54,13,249300000.0,7,6625000.0,5,158800000.0,5,2925000.0,5,88000000.0,3,9375000.0,4,18000000.0,1,200000.0,1,638.2,19.4
4129629,TR1,2023,22. Matchday,2024-01-25,126,449,1,0,5.0,3.0,7258.0,4-2-3-1,4-2-3-1,Çaykur Rizespor Kulübü,Trabzonspor Kulübü,1,32,37,16500000.0,4,22500000.0,3,22700000.0,4,36000000.0,3,10275000.0,6,27200000.0,6,3200000.0,1,19000000.0,1,66.2,277.0
4129623,TR1,2023,22. Matchday,2024-01-25,152,3205,2,0,14.0,11.0,12703.0,4-2-3-1,4-2-3-1,Samsunspor,Kayserispor Kulübü,1,22,29,14500000.0,4,14500000.0,4,32400000.0,6,4250000.0,3,8100000.0,5,14000000.0,5,1300000.0,1,3000000.0,1,103.0,63.6
4129633,TR1,2023,23. Matchday,2024-01-27,3840,7775,0,1,8.0,15.0,7312.0,4-2-3-1,4-2-3-1,Adana Demirspor Kulübü,Hatayspor Futbol Kulübü,2,31,22,45600000.0,4,13100000.0,4,21050000.0,5,7250000.0,5,17500000.0,5,5100000.0,5,850000.0,1,1000000.0,2,161.4,89.0
4129634,TR1,2023,23. Matchday,2024-01-27,11282,3209,1,1,13.0,18.0,2326.0,4-2-3-1,4-4-2 double 6,Alanyaspor,Pendikspor,0,26,22,5200000.0,3,18100000.0,6,17000000.0,5,1125000.0,2,17100000.0,6,14450000.0,6,2800000.0,1,1000000.0,1,78.3,74.9
4129642,TR1,2023,23. Matchday,2024-01-28,6646,126,4,0,16.0,5.0,887.0,4-1-4-1,4-2-3-1,Fatih Karagümrük Sportif Faaliyetler San. Tic. A.Ş.,Çaykur Rizespor Kulübü,1,21,35,10700000.0,4,19200000.0,6,42500000.0,5,20300000.0,3,20000000.0,5,9950000.0,5,21500000.0,1,3200000.0,1,120.0,66.2
4129638,TR1,2023,23. Matchday,2024-01-28,2293,6890,2,3,19.0,9.0,7733.0,4-2-3-1,4-3-3 Attacking,Konyaspor,İstanbul Başakşehir Futbol Kulübü,2,21,27,12100000.0,5,46000000.0,2,54800000.0,4,31575000.0,7,5200000.0,4,38350000.0,6,275000.0,1,8000000.0,1,96.4,158.0
4129640,TR1,2023,23. Matchday,2024-01-28,2381,114,1,0,10.0,4.0,5451.0,4-1-4-1,4-3-3 Attacking,Sivasspor Kulübü,Beşiktaş Jimnastik Kulübü,1,26,36,10600000.0,4,76325000.0,6,7400000.0,3,29000000.0,3,8250000.0,5,40500000.0,5,800000.0,1,10000000.0,1,59.6,358.4
4129641,TR1,2023,23. Matchday,2024-01-28,36,868,2,1,1.0,11.0,40214.0,4-2-3-1,4-2-3-1,Fenerbahçe Spor Kulübü,Makina ve Kimya Endüstrisi Ankaragücü Spor Kulübü,1,57,28,137000000.0,5,20000000.0,6,53500000.0,5,7400000.0,3,45000000.0,4,11500000.0,6,15000000.0,1,900000.0,1,475.6,85.0
4129635,TR1,2023,23. Matchday,2024-01-29,449,10484,2,3,3.0,7.0,6371.0,4-2-3-1,4-3-3 Attacking,Trabzonspor Kulübü,Kasımpaşa Spor Kulübü,2,37,29,22500000.0,3,11500000.0,5,38800000.0,4,10900000.0,4,12700000.0,4,5625000.0,3,19000000.0,1,375000.0,1,277.0,53.0
4129636,TR1,2023,23. Matchday,2024-01-29,924,152,1,1,20.0,14.0,732.0,5-4-1 Diamond,4-2-3-1,İstanbulspor A.Ş.,Samsunspor,0,13,25,1750000.0,4,14700000.0,4,2025000.0,4,25700000.0,4,11875000.0,5,16100000.0,6,200000.0,1,1300000.0,1,19.4,103.0
4129637,TR1,2023,23. Matchday,2024-01-29,141,2832,2,1,2.0,17.0,36058.0,4-2-3-1,3-4-3,Galatasaray Spor Kulübü,Gaziantep Futbol Kulübü A.Ş.,1,57,23,249300000.0,7,25200000.0,4,158800000.0,5,13000000.0,4,88000000.0,3,11500000.0,4,18000000.0,1,2500000.0,1,638.2,95.4
4129639,TR1,2023,23. Matchday,2024-01-29,3205,589,1,1,12.0,6.0,2598.0,4-3-3 Attacking,4-1-4-1,Kayserispor Kulübü,Antalyaspor,0,29,33,6700000.0,4,16000000.0,2,4375000.0,4,10600000.0,5,7250000.0,4,12150000.0,4,3000000.0,1,7000000.0,1,63.6,94.6
4129645,TR1,2023,24. Matchday,2024-02-02,152,141,0,2,15.0,2.0,33919.0,4-2-3-1,4-2-3-1,Samsunspor,Galatasaray Spor Kulübü,2,26,60,14700000.0,4,249300000.0,7,34200000.0,5,158800000.0,5,15800000.0,5,88000000.0,3,1300000.0,1,18000000.0,1,103.0,638.2
4129648,TR1,2023,24. Matchday,2024-02-02,7775,6646,3,1,12.0,17.0,1684.0,4-2-3-1,4-2-3-1,Hatayspor Futbol Kulübü,Fatih Karagümrük Sportif Faaliyetler San. Tic. A.Ş.,1,25,24,17100000.0,5,23700000.0,6,10400000.0,5,41500000.0,4,23550000.0,5,20000000.0,5,600000.0,1,21500000.0,1,89.0,120.0
4129651,TR1,2023,24. Matchday,2024-02-02,868,2381,0,0,11.0,10.0,229.0,4-3-3 Attacking,3-5-2 Attacking,Makina ve Kimya Endüstrisi Ankaragücü Spor Kulübü,Sivasspor Kulübü,0,28,29,16500000.0,5,25600000.0,5,22400000.0,4,2575000.0,3,7500000.0,5,5900000.0,5,900000.0,1,800000.0,1,85.0,59.6
4129650,TR1,2023,24. Matchday,2024-02-03,589,36,0,2,7.0,1.0,23153.0,4-1-4-1,4-2-3-1,Antalyaspor,Fenerbahçe Spor Kulübü,2,34,60,28000000.0,3,163500000.0,6,10600000.0,5,40000000.0,3,12150000.0,4,130000000.0,5,7000000.0,1,15000000.0,1,94.6,475.6
4129652,TR1,2023,24. Matchday,2024-02-03,126,2293,0,0,5.0,19.0,3569.0,4-2-3-1,4-3-3 Attacking,Çaykur Rizespor Kulübü,Konyaspor,0,35,21,19000000.0,5,12100000.0,5,22700000.0,4,40000000.0,3,9525000.0,5,6200000.0,5,3200000.0,1,900000.0,1,66.2,96.4
4129644,TR1,2023,24. Matchday,2024-02-03,6890,924,2,0,8.0,20.0,1406.0,4-3-3 Attacking,3-5-2 Attacking,İstanbul Başakşehir Futbol Kulübü,İstanbulspor A.Ş.,1,30,14,51200000.0,4,850000.0,2,29400000.0,6,3675000.0,7,38200000.0,5,11875000.0,5,8000000.0,1,200000.0,1,158.0,19.4
4129643,TR1,2023,24. Matchday,2024-02-03,2832,3205,1,1,18.0,13.0,6916.0,3-4-3,4-3-3 Attacking,Gaziantep Futbol Kulübü A.Ş.,Kayserispor Kulübü,0,23,30,28200000.0,5,6700000.0,4,10900000.0,3,2625000.0,2,25000000.0,4,15500000.0,6,2500000.0,1,3000000.0,1,95.4,63.6
4129647,TR1,2023,24. Matchday,2024-02-04,3209,3840,2,1,16.0,9.0,2557.0,4-4-2 double 6,4-3-3 Attacking,Pendikspor,Adana Demirspor Kulübü,1,23,31,16100000.0,5,49350000.0,7,15450000.0,3,16000000.0,4,15250000.0,6,16000000.0,4,1000000.0,1,850000.0,1,74.9,161.4
4129646,TR1,2023,24. Matchday,2024-02-04,10484,11282,2,1,6.0,14.0,1668.0,4-3-3 Attacking,4-2-3-1,Kasımpaşa Spor Kulübü,Alanyaspor,1,32,27,11500000.0,5,22200000.0,4,11400000.0,5,17000000.0,5,9000000.0,3,18900000.0,6,375000.0,1,2800000.0,1,53.0,78.3
4129649,TR1,2023,24. Matchday,2024-02-04,114,449,2,0,3.0,4.0,26862.0,4-4-2 double 6,4-2-3-1,Beşiktaş Jimnastik Kulübü,Trabzonspor Kulübü,1,36,37,118000000.0,5,33500000.0,4,24100000.0,2,38800000.0,4,38975000.0,7,15700000.0,4,5000000.0,1,19000000.0,1,358.4,277.0
4129655,TR1,2023,25. Matchday,2024-02-09,3840,10484,1,3,10.0,5.0,8766.0,4-2-3-1,4-3-3 Attacking,Adana Demirspor Kulübü,Kasımpaşa Spor Kulübü,2,31,35,88025000.0,7,11500000.0,5,9000000.0,3,10900000.0,4,22000000.0,5,9425000.0,4,850000.0,1,375000.0,1,161.4,53.0
4129658,TR1,2023,25. Matchday,2024-02-10,141,6890,2,0,1.0,8.0,45504.0,4-2-3-1,4-3-3 Attacking,Galatasaray Spor Kulübü,İstanbul Başakşehir Futbol Kulübü,1,63,33,265000000.0,7,55600000.0,5,158800000.0,5,29900000.0,6,88000000.0,3,30200000.0,4,18000000.0,1,8000000.0,1,638.2,158.0
4129654,TR1,2023,25. Matchday,2024-02-10,6646,3209,2,0,16.0,18.0,821.0,4-3-3 Attacking,4-4-2 double 6,Fatih Karagümrük Sportif Faaliyetler San. Tic. A.Ş.,Pendikspor,1,24,26,22100000.0,5,11300000.0,4,26500000.0,5,15450000.0,3,17700000.0,5,14000000.0,5,21500000.0,1,1000000.0,1,120.0,74.9
4129662,TR1,2023,25. Matchday,2024-02-11,2381,126,1,0,9.0,6.0,4264.0,3-5-2 flat,4-2-3-1,Sivasspor Kulübü,Çaykur Rizespor Kulübü,1,30,36,21700000.0,4,21600000.0,6,9075000.0,5,22100000.0,4,8150000.0,5,9950000.0,5,800000.0,1,3200000.0,1,59.6,66.2
4129656,TR1,2023,25. Matchday,2024-02-11,36,11282,2,2,2.0,15.0,40725.0,4-2-3-1,4-2-3-1,Fenerbahçe Spor Kulübü,Alanyaspor,0,63,27,161000000.0,6,22200000.0,4,40000000.0,3,13000000.0,4,85000000.0,4,20400000.0,6,15000000.0,1,2800000.0,1,475.6,78.3
4129657,TR1,2023,25. Matchday,2024-02-11,924,2832,1,3,20.0,17.0,671.0,3-5-2 flat,3-5-2 Attacking,İstanbulspor A.Ş.,Gaziantep Futbol Kulübü A.Ş.,2,14,24,3325000.0,5,28200000.0,5,3100000.0,5,15050000.0,5,11875000.0,5,31000000.0,5,200000.0,1,2500000.0,1,19.4,95.4
4129661,TR1,2023,25. Matchday,2024-02-11,2293,868,1,0,19.0,11.0,18905.0,4-2-3-1,4-3-3 Attacking,Konyaspor,Makina ve Kimya Endüstrisi Ankaragücü Spor Kulübü,1,22,29,12900000.0,6,22500000.0,6,42800000.0,4,22400000.0,4,6800000.0,5,11600000.0,5,900000.0,1,900000.0,1,96.4,85.0
4129660,TR1,2023,25. Matchday,2024-02-12,3205,114,0,0,12.0,4.0,9190.0,4-3-3 Attacking,4-2-3-1,Kayserispor Kulübü,Beşiktaş Jimnastik Kulübü,0,31,39,8100000.0,4,77000000.0,4,8975000.0,4,49000000.0,3,8500000.0,4,42975000.0,6,3000000.0,1,5000000.0,1,63.6,358.4
4129659,TR1,2023,25. Matchday,2024-02-12,152,589,2,0,13.0,7.0,16212.0,4-2-3-1,4-3-3 Attacking,Samsunspor,Antalyaspor,1,26,34,28200000.0,5,28000000.0,3,30700000.0,5,12000000.0,6,14000000.0,4,16900000.0,5,1300000.0,1,7000000.0,1,103.0,94.6
4129653,TR1,2023,25. Matchday,2024-02-12,449,7775,2,0,3.0,14.0,5246.0,4-2-3-1,4-3-3 Attacking,Trabzonspor Kulübü,Hatayspor Futbol Kulübü,1,37,28,39500000.0,5,12650000.0,5,39625000.0,6,11400000.0,6,48200000.0,4,5550000.0,4,19000000.0,1,600000.0,1,277.0,89.0
4129668,TR1,2023,26. Matchday,2024-02-16,10484,6646,1,1,5.0,16.0,2423.0,4-3-3 Attacking,4-2-3-1,Kasımpaşa Spor Kulübü,Fatih Karagümrük Sportif Faaliyetler San. Tic. A.Ş.,0,38,27,12500000.0,4,26600000.0,6,10900000.0,4,43500000.0,5,14425000.0,5,13700000.0,4,375000.0,1,21500000.0,1,53.0,120.0
4129670,TR1,2023,26. Matchday,2024-02-17,126,36,1,3,6.0,2.0,9639.0,4-2-3-1,4-2-3-1,Çaykur Rizespor Kulübü,Fenerbahçe Spor Kulübü,2,36,64,19100000.0,5,107000000.0,5,23200000.0,5,43500000.0,4,9200000.0,4,141000000.0,6,550000.0,1,15000000.0,1,66.2,475.6
4129664,TR1,2023,26. Matchday,2024-02-17,589,924,2,2,7.0,20.0,5321.0,4-3-3 Attacking,3-5-2 Attacking,Antalyaspor,İstanbulspor A.Ş.,0,34,14,9000000.0,1,2925000.0,5,14300000.0,7,2575000.0,6,16150000.0,5,11075000.0,4,7000000.0,1,200000.0,1,94.6,19.4
4129671,TR1,2023,26. Matchday,2024-02-17,7775,2381,1,1,14.0,8.0,2092.0,4-4-2 double 6,3-4-3,Hatayspor Futbol Kulübü,Sivasspor Kulübü,0,28,33,18650000.0,6,26300000.0,5,10300000.0,5,8400000.0,4,23100000.0,4,9750000.0,6,600000.0,1,800000.0,1,89.0,59.6
4129666,TR1,2023,26. Matchday,2024-02-18,2832,152,1,1,17.0,12.0,7486.0,3-4-2-1,4-2-3-1,Gaziantep Futbol Kulübü A.Ş.,Samsunspor,0,27,29,35700000.0,5,25275000.0,6,15050000.0,5,19900000.0,4,28700000.0,5,14300000.0,4,2500000.0,1,1300000.0,1,95.4,103.0
4129669,TR1,2023,26. Matchday,2024-02-18,3209,449,0,2,18.0,3.0,2971.0,4-4-2 double 6,4-2-3-1,Pendikspor,Trabzonspor Kulübü,2,26,40,15700000.0,5,125500000.0,5,28525000.0,5,39625000.0,6,12400000.0,4,48200000.0,4,1000000.0,1,19000000.0,1,74.9,277.0
4129665,TR1,2023,26. Matchday,2024-02-18,868,141,0,3,13.0,1.0,16825.0,4-2-3-1,4-2-3-1,Makina ve Kimya Endüstrisi Ankaragücü Spor Kulübü,Galatasaray Spor Kulübü,2,29,66,16000000.0,5,265000000.0,7,25000000.0,5,57800000.0,4,11600000.0,5,84050000.0,4,900000.0,1,18000000.0,1,85.0,638.2
4129667,TR1,2023,26. Matchday,2024-02-18,11282,3840,3,3,15.0,10.0,3933.0,4-2-3-1,4-2-3-1,Alanyaspor,Adana Demirspor Kulübü,0,28,31,34200000.0,6,86525000.0,6,7500000.0,3,12250000.0,4,20400000.0,6,38500000.0,4,2800000.0,1,950000.0,2,78.3,161.4
4129672,TR1,2023,26. Matchday,2024-02-19,114,2293,2,0,4.0,19.0,21962.0,4-2-3-1,4-2-3-1,Beşiktaş Jimnastik Kulübü,Konyaspor,1,40,25,96000000.0,5,11900000.0,5,56000000.0,5,42800000.0,4,33800000.0,5,6300000.0,4,5000000.0,1,900000.0,1,358.4,96.4
4129663,TR1,2023,26. Matchday,2024-02-19,6890,3205,2,3,9.0,11.0,1528.0,4-3-3 Attacking,4-3-3 Attacking,İstanbul Başakşehir Futbol Kulübü,Kayserispor Kulübü,2,33,32,59100000.0,6,8100000.0,4,27000000.0,5,11350000.0,4,22850000.0,4,15750000.0,6,8000000.0,1,3000000.0,1,158.0,63.6
4129682,TR1,2023,27. Matchday,2024-02-23,152,126,3,0,11.0,8.0,20407.0,4-2-3-1,4-2-3-1,Samsunspor,Çaykur Rizespor Kulübü,1,30,36,25200000.0,5,20200000.0,5,30700000.0,5,4700000.0,3,14600000.0,5,7875000.0,7,1300000.0,1,550000.0,1,103.0,66.2
4129673,TR1,2023,27. Matchday,2024-02-24,2293,7775,2,0,18.0,16.0,13930.0,4-2-3-1,4-3-3 Attacking,Konyaspor,Hatayspor Futbol Kulübü,1,25,29,11900000.0,5,22650000.0,7,33800000.0,3,5400000.0,4,11600000.0,7,21300000.0,4,900000.0,1,600000.0,1,96.4,89.0
4129675,TR1,2023,27. Matchday,2024-02-24,36,10484,2,1,2.0,5.0,40094.0,4-2-3-1,4-3-3 Attacking,Fenerbahçe Spor Kulübü,Kasımpaşa Spor Kulübü,1,67,39,135500000.0,5,14000000.0,5,49500000.0,5,11400000.0,5,86000000.0,4,14425000.0,5,15000000.0,1,375000.0,1,475.6,53.0
4129678,TR1,2023,27. Matchday,2024-02-24,2832,6890,0,2,17.0,7.0,5461.0,3-1-4-2,4-3-3 Attacking,Gaziantep Futbol Kulübü A.Ş.,İstanbul Başakşehir Futbol Kulübü,2,28,33,35700000.0,5,55600000.0,5,12950000.0,4,25900000.0,5,26800000.0,4,25400000.0,5,2500000.0,1,1200000.0,1,95.4,158.0
4129681,TR1,2023,27. Matchday,2024-02-24,3205,868,3,2,10.0,15.0,7220.0,4-3-3 Attacking,4-2-3-1,Kayserispor Kulübü,Makina ve Kimya Endüstrisi Ankaragücü Spor Kulübü,1,35,29,24100000.0,6,21000000.0,6,10500000.0,3,10000000.0,4,15750000.0,6,11600000.0,5,3000000.0,1,900000.0,1,63.6,85.0
4129680,TR1,2023,27. Matchday,2024-02-25,924,114,0,2,20.0,4.0,1251.0,3-4-3,4-3-3 Attacking,İstanbulspor A.Ş.,Beşiktaş Jimnastik Kulübü,2,15,43,2925000.0,5,96000000.0,5,3175000.0,6,54500000.0,4,4875000.0,4,48800000.0,6,200000.0,1,5000000.0,1,19.4,358.4
4129677,TR1,2023,27. Matchday,2024-02-25,449,3840,1,0,3.0,12.0,11745.0,4-2-3-1,4-3-3 Attacking,Trabzonspor Kulübü,Adana Demirspor Kulübü,1,43,32,130500000.0,6,88025000.0,7,39250000.0,5,12250000.0,4,45200000.0,3,38500000.0,4,19000000.0,1,850000.0,1,277.0,161.4
4129674,TR1,2023,27. Matchday,2024-02-25,2381,3209,4,1,6.0,19.0,5777.0,4-2-3-1,4-4-2 double 6,Sivasspor Kulübü,Pendikspor,1,34,26,27500000.0,6,17500000.0,5,6575000.0,4,28450000.0,4,8450000.0,5,11850000.0,5,800000.0,1,1000000.0,1,59.6,74.9
4129676,TR1,2023,27. Matchday,2024-02-25,6646,11282,1,1,14.0,13.0,994.0,4-3-3 Attacking,4-4-2 double 6,Fatih Karagümrük Sportif Faaliyetler San. Tic. A.Ş.,Alanyaspor,0,28,29,22100000.0,5,23200000.0,4,26500000.0,5,13000000.0,4,14700000.0,5,18900000.0,6,21500000.0,1,2800000.0,1,120.0,78.3
4129679,TR1,2023,27. Matchday,2024-02-26,141,589,2,1,1.0,9.0,41737.0,4-2-3-1,4-2-3-1,Galatasaray Spor Kulübü,Antalyaspor,1,69,35,165000000.0,6,16000000.0,2,93800000.0,4,10800000.0,6,102800000.0,5,12150000.0,4,18000000.0,1,7000000.0,1,638.2,94.6
4129691,TR1,2023,28. Matchday,2024-03-01,10484,2381,0,0,5.0,9.0,2074.0,4-3-3 Attacking,3-4-3,Kasımpaşa Spor Kulübü,Sivasspor Kulübü,0,39,37,14000000.0,5,7900000.0,4,10900000.0,4,8075000.0,4,14000000.0,4,9750000.0,6,1500000.0,1,800000.0,1,53.0,59.6
4129684,TR1,2023,28. Matchday,2024-03-02,868,924,1,1,15.0,20.0,6376.0,4-2-3-1,3-4-2-1,Makina ve Kimya Endüstrisi Ankaragücü Spor Kulübü,İstanbulspor A.Ş.,0,29,15,28000000.0,6,2875000.0,4,7400000.0,3,2500000.0,5,11800000.0,5,12200000.0,6,1650000.0,2,200000.0,1,85.0,19.4
4129690,TR1,2023,28. Matchday,2024-03-02,7775,36,0,2,17.0,2.0,18547.0,4-4-2 double 6,4-3-3 Attacking,Hatayspor Futbol Kulübü,Fenerbahçe Spor Kulübü,2,29,70,16650000.0,6,92000000.0,3,6300000.0,4,93500000.0,5,45350000.0,5,151000000.0,7,600000.0,1,15000000.0,1,89.0,475.6
4129683,TR1,2023,28. Matchday,2024-03-02,126,3205,3,0,7.0,11.0,4255.0,4-2-3-1,4-3-3 Attacking,Çaykur Rizespor Kulübü,Kayserispor Kulübü,1,36,38,20200000.0,5,24300000.0,7,22100000.0,4,7350000.0,3,11150000.0,6,14250000.0,5,3200000.0,1,3000000.0,1,66.2,63.6
4129692,TR1,2023,28. Matchday,2024-03-03,3209,2293,0,2,19.0,14.0,2001.0,4-3-3 Attacking,4-2-3-1,Pendikspor,Konyaspor,2,26,28,18600000.0,6,11900000.0,5,28450000.0,4,46800000.0,4,10200000.0,4,8800000.0,6,1000000.0,1,900000.0,1,74.9,96.4
4129685,TR1,2023,28. Matchday,2024-03-03,114,141,0,1,4.0,1.0,39558.0,4-3-3 Attacking,4-2-3-1,Beşiktaş Jimnastik Kulübü,Galatasaray Spor Kulübü,2,46,72,102000000.0,6,210000000.0,6,27000000.0,2,157500000.0,4,42300000.0,5,92800000.0,4,5000000.0,1,18000000.0,1,358.4,638.2
4129686,TR1,2023,28. Matchday,2024-03-03,6890,152,1,0,6.0,12.0,2431.0,4-2-3-1,4-2-3-1,İstanbul Başakşehir Futbol Kulübü,Samsunspor,1,36,33,52400000.0,4,26400000.0,6,30400000.0,6,11700000.0,3,38450000.0,5,16600000.0,6,1200000.0,1,1300000.0,1,158.0,103.0
4129688,TR1,2023,28. Matchday,2024-03-04,3840,6646,1,0,10.0,16.0,8828.0,4-2-3-1,4-2-3-1,Adana Demirspor Kulübü,Fatih Karagümrük Sportif Faaliyetler San. Tic. A.Ş.,1,32,29,44250000.0,4,16700000.0,5,9250000.0,3,42000000.0,4,46500000.0,5,17700000.0,5,850000.0,1,21500000.0,1,161.4,120.0
4129689,TR1,2023,28. Matchday,2024-03-04,11282,449,3,1,13.0,3.0,4187.0,4-2-3-1,4-2-3-1,Alanyaspor,Trabzonspor Kulübü,1,30,46,12200000.0,4,114500000.0,6,17000000.0,5,38800000.0,4,17100000.0,6,45200000.0,3,2800000.0,1,19000000.0,1,78.3,277.0
4129687,TR1,2023,28. Matchday,2024-03-04,589,2832,1,0,8.0,18.0,7977.0,4-3-3 Attacking,4-2-3-1,Antalyaspor,Gaziantep Futbol Kulübü A.Ş.,1,35,28,16000000.0,2,37425000.0,7,12000000.0,6,12950000.0,4,18650000.0,5,27200000.0,3,7000000.0,1,2500000.0,1,94.6,95.4
4129702,TR1,2023,29. Matchday,2024-03-08,141,126,6,2,1.0,7.0,42718.0,4-2-3-1,4-2-3-1,Galatasaray Spor Kulübü,Çaykur Rizespor Kulübü,1,75,39,315000000.0,8,20400000.0,6,157500000.0,4,23200000.0,5,32800000.0,3,8600000.0,4,18000000.0,1,3200000.0,1,638.2,66.2
4129698,TR1,2023,29. Matchday,2024-03-09,449,6646,5,1,3.0,18.0,7408.0,4-2-3-1,4-3-3 Attacking,Trabzonspor Kulübü,Fatih Karagümrük Sportif Faaliyetler San. Tic. A.Ş.,1,46,29,114500000.0,6,23100000.0,5,38800000.0,4,37500000.0,5,50200000.0,5,13750000.0,5,300000.0,1,21500000.0,1,277.0,120.0
4129697,TR1,2023,29. Matchday,2024-03-09,2293,3840,2,2,14.0,10.0,17537.0,4-2-3-1,4-4-2 double 6,Konyaspor,Adana Demirspor Kulübü,0,31,35,11900000.0,5,86525000.0,6,46800000.0,4,12250000.0,4,6700000.0,4,45000000.0,4,900000.0,1,850000.0,1,96.4,161.4
4129699,TR1,2023,29. Matchday,2024-03-09,6890,589,1,0,6.0,8.0,1454.0,4-2-3-1,4-3-3 Attacking,İstanbul Başakşehir Futbol Kulübü,Antalyaspor,1,39,38,53600000.0,4,16000000.0,2,32400000.0,6,12000000.0,6,14600000.0,4,12400000.0,4,1200000.0,1,7000000.0,1,158.0,94.6
4129696,TR1,2023,29. Matchday,2024-03-09,2381,11282,1,2,9.0,12.0,4028.0,4-3-3 Attacking,4-2-3-1,Sivasspor Kulübü,Alanyaspor,2,38,33,27500000.0,6,26300000.0,4,8975000.0,5,16000000.0,4,7350000.0,4,17100000.0,6,800000.0,1,2800000.0,1,59.6,78.3
4129701,TR1,2023,29. Matchday,2024-03-10,152,868,2,1,11.0,16.0,19878.0,4-2-3-1,4-2-3-1,Samsunspor,Makina ve Kimya Endüstrisi Ankaragücü Spor Kulübü,1,33,30,39500000.0,7,21500000.0,6,20700000.0,4,22400000.0,4,6800000.0,4,11600000.0,5,1300000.0,1,900000.0,1,103.0,85.0
4129693,TR1,2023,29. Matchday,2024-03-10,3205,7775,1,1,13.0,17.0,6538.0,4-2-3-1,4-4-2 double 6,Kayserispor Kulübü,Hatayspor Futbol Kulübü,0,38,29,13600000.0,4,22650000.0,7,11350000.0,4,9900000.0,5,15500000.0,6,19750000.0,3,3000000.0,1,600000.0,1,63.6,89.0
4129694,TR1,2023,29. Matchday,2024-03-10,36,3209,4,1,2.0,19.0,39572.0,4-2-3-1,4-2-3-1,Fenerbahçe Spor Kulübü,Pendikspor,1,73,26,143500000.0,5,11500000.0,4,83500000.0,4,23450000.0,4,65000000.0,6,13200000.0,6,15000000.0,1,1000000.0,1,475.6,74.9
4129695,TR1,2023,29. Matchday,2024-03-10,924,10484,1,2,20.0,5.0,534.0,3-4-3,4-3-3 Attacking,İstanbulspor A.Ş.,Kasımpaşa Spor Kulübü,2,16,40,2225000.0,5,14000000.0,5,3175000.0,6,15500000.0,4,8700000.0,4,14000000.0,4,200000.0,1,1500000.0,1,19.4,53.0
4129700,TR1,2023,29. Matchday,2024-03-11,2832,114,2,0,15.0,4.0,10187.0,4-3-3 Attacking,4-3-3 Attacking,Gaziantep Futbol Kulübü A.Ş.,Beşiktaş Jimnastik Kulübü,1,28,46,17200000.0,5,96000000.0,5,15050000.0,5,49000000.0,3,30200000.0,4,52800000.0,6,2500000.0,1,5000000.0,1,95.4,358.4
4129707,TR1,2023,30. Matchday,2024-03-15,3209,924,1,0,19.0,20.0,1496.0,4-2-3-1,3-4-3,Pendikspor,İstanbulspor A.Ş.,1,26,16,11500000.0,4,875000.0,2,30450000.0,4,2850000.0,5,16200000.0,7,12200000.0,6,1000000.0,1,200000.0,1,74.9,19.4
4129705,TR1,2023,30. Matchday,2024-03-15,6646,2293,1,1,18.0,16.0,779.0,4-2-3-1,4-2-3-1,Fatih Karagümrük Sportif Faaliyetler San. Tic. A.Ş.,Konyaspor,0,29,32,18700000.0,5,12900000.0,6,25500000.0,4,42800000.0,4,13700000.0,4,6800000.0,4,21500000.0,1,900000.0,1,120.0,96.4
4129704,TR1,2023,30. Matchday,2024-03-16,3840,2381,4,1,9.0,11.0,8898.0,4-2-3-1,4-3-3 Attacking,Adana Demirspor Kulübü,Sivasspor Kulübü,1,36,38,56025000.0,6,24500000.0,5,12250000.0,4,9475000.0,5,38500000.0,4,8150000.0,5,850000.0,1,800000.0,1,161.4,59.6
4129706,TR1,2023,30. Matchday,2024-03-16,11282,3205,1,0,10.0,13.0,2114.0,4-2-3-1,4-3-3 Attacking,Alanyaspor,Kayserispor Kulübü,1,36,39,11300000.0,3,24100000.0,6,17000000.0,5,11350000.0,4,16600000.0,5,7000000.0,3,2800000.0,1,3000000.0,1,78.3,63.6
4129711,TR1,2023,30. Matchday,2024-03-16,868,6890,2,1,14.0,6.0,7960.0,4-2-3-1,4-3-3 Attacking,Makina ve Kimya Endüstrisi Ankaragücü Spor Kulübü,İstanbul Başakşehir Futbol Kulübü,1,30,42,19500000.0,6,57100000.0,5,7400000.0,3,21400000.0,5,9250000.0,6,30600000.0,5,900000.0,1,1200000.0,1,85.0,158.0
4129712,TR1,2023,30. Matchday,2024-03-16,114,589,1,2,4.0,8.0,15853.0,4-2-3-1,4-3-3 Attacking,Beşiktaş Jimnastik Kulübü,Antalyaspor,2,46,38,90000000.0,5,16000000.0,2,33000000.0,2,12000000.0,6,40675000.0,5,36900000.0,6,5000000.0,1,7000000.0,1,358.4,94.6
4129708,TR1,2023,30. Matchday,2024-03-17,10484,141,3,4,5.0,1.0,7454.0,4-3-3 Attacking,4-2-3-1,Kasımpaşa Spor Kulübü,Galatasaray Spor Kulübü,2,43,78,8500000.0,3,315000000.0,8,8500000.0,3,92500000.0,3,14425000.0,5,32800000.0,3,1500000.0,1,18000000.0,1,53.0,638.2
4129709,TR1,2023,30. Matchday,2024-03-17,7775,152,3,0,15.0,12.0,2128.0,4-2-3-1,4-2-3-1,Hatayspor Futbol Kulübü,Samsunspor,1,30,36,10350000.0,4,36000000.0,6,7400000.0,5,21700000.0,4,46750000.0,6,14800000.0,5,600000.0,1,1300000.0,1,89.0,103.0
4129703,TR1,2023,30. Matchday,2024-03-17,449,36,2,3,3.0,2.0,37580.0,4-2-3-1,4-2-3-1,Trabzonspor Kulübü,Fenerbahçe Spor Kulübü,2,49,76,114500000.0,6,112000000.0,5,36000000.0,3,80000000.0,3,48200000.0,4,65000000.0,6,19000000.0,1,15000000.0,1,277.0,475.6
4129710,TR1,2023,30. Matchday,2024-03-17,126,2832,3,1,7.0,17.0,3637.0,4-2-3-1,4-3-3 Attacking,Çaykur Rizespor Kulübü,Gaziantep Futbol Kulübü A.Ş.,1,39,31,20200000.0,5,37200000.0,6,22100000.0,4,15050000.0,5,10400000.0,5,30200000.0,4,3200000.0,1,2500000.0,1,66.2,95.4
4129721,TR1,2023,31. Matchday,2024-04-02,589,868,1,1,8.0,14.0,6228.0,4-3-3 Attacking,4-2-3-1,Antalyaspor,Makina ve Kimya Endüstrisi Ankaragücü Spor Kulübü,0,41,33,28000000.0,3,20500000.0,5,10800000.0,6,25000000.0,5,12150000.0,4,8900000.0,5,7000000.0,1,900000.0,1,94.6,85.0
4129716,TR1,2023,31. Matchday,2024-04-02,2832,11282,0,3,17.0,9.0,4085.0,4-3-3 Attacking,4-2-3-1,Gaziantep Futbol Kulübü A.Ş.,Alanyaspor,2,31,39,37200000.0,6,29300000.0,4,15450000.0,5,16000000.0,4,30800000.0,4,20900000.0,7,2500000.0,1,2800000.0,1,95.4,78.3
4129713,TR1,2023,31. Matchday,2024-04-02,141,7775,1,0,1.0,15.0,41220.0,4-2-3-1,4-3-3 Attacking,Galatasaray Spor Kulübü,Hatayspor Futbol Kulübü,1,81,33,315000000.0,8,18650000.0,6,92500000.0,3,6300000.0,4,42800000.0,4,45000000.0,4,18000000.0,1,600000.0,1,638.2,89.0
4129722,TR1,2023,31. Matchday,2024-04-02,924,126,0,4,20.0,6.0,352.0,3-5-2,4-2-3-1,İstanbulspor A.Ş.,Çaykur Rizespor Kulübü,2,16,42,2175000.0,5,20200000.0,5,2100000.0,5,22100000.0,4,10825000.0,4,8975000.0,6,200000.0,1,3200000.0,1,19.4,66.2
4129718,TR1,2023,31. Matchday,2024-04-03,2381,6646,1,0,10.0,18.0,1755.0,4-3-3 Attacking,4-2-3-1,Sivasspor Kulübü,Fatih Karagümrük Sportif Faaliyetler San. Tic. A.Ş.,1,38,30,20100000.0,4,25000000.0,5,6800000.0,4,24500000.0,4,8650000.0,6,16700000.0,5,800000.0,1,21500000.0,1,59.6,120.0
4129715,TR1,2023,31. Matchday,2024-04-03,3205,10484,0,2,13.0,5.0,4116.0,4-2-3-1,4-3-3 Attacking,Kayserispor Kulübü,Kasımpaşa Spor Kulübü,2,39,43,24100000.0,6,14000000.0,5,8250000.0,4,14900000.0,5,13000000.0,5,10050000.0,5,800000.0,1,1500000.0,1,63.6,53.0
4129719,TR1,2023,31. Matchday,2024-04-03,2293,449,1,3,16.0,3.0,14787.0,4-2-3-1,4-2-3-1,Konyaspor,Trabzonspor Kulübü,2,33,49,11100000.0,5,122000000.0,6,46800000.0,5,38800000.0,4,7700000.0,5,48200000.0,4,900000.0,1,19000000.0,1,96.4,277.0
4129717,TR1,2023,31. Matchday,2024-04-03,36,3840,4,2,2.0,11.0,32293.0,4-2-3-1,4-2-3-1,Fenerbahçe Spor Kulübü,Adana Demirspor Kulübü,1,79,39,72000000.0,4,88025000.0,7,36000000.0,3,9250000.0,3,96000000.0,5,13500000.0,3,3500000.0,1,950000.0,2,475.6,161.4
4129714,TR1,2023,31. Matchday,2024-04-04,152,3209,0,0,12.0,19.0,12487.0,4-2-3-1,4-3-3 Attacking,Samsunspor,Pendikspor,0,36,29,30900000.0,6,15500000.0,4,30000000.0,4,28450000.0,4,11800000.0,4,11650000.0,5,1300000.0,1,1000000.0,1,103.0,74.9
4129720,TR1,2023,31. Matchday,2024-04-04,6890,114,1,1,7.0,4.0,3687.0,4-3-3 Attacking,4-3-3 Attacking,İstanbul Başakşehir Futbol Kulübü,Beşiktaş Jimnastik Kulübü,0,42,46,53100000.0,5,102000000.0,6,31500000.0,5,49000000.0,3,30950000.0,4,40500000.0,5,1200000.0,1,15000000.0,2,158.0,358.4
4129731,TR1,2023,32. Matchday,2024-04-12,449,2381,0,1,3.0,8.0,159.0,4-2-3-1,4-3-3 Attacking,Trabzonspor Kulübü,Sivasspor Kulübü,2,52,41,126500000.0,7,22000000.0,4,38800000.0,4,6575000.0,4,48200000.0,4,8650000.0,6,19000000.0,1,1000000.0,1,277.0,59.6
4129726,TR1,2023,32. Matchday,2024-04-13,114,152,1,1,4.0,12.0,19123.0,4-3-3 Attacking,4-2-3-1,Beşiktaş Jimnastik Kulübü,Samsunspor,0,47,37,102000000.0,6,24200000.0,5,73000000.0,3,21700000.0,4,28000000.0,5,16600000.0,6,5000000.0,1,1300000.0,1,358.4,103.0
4129732,TR1,2023,32. Matchday,2024-04-13,10484,2293,0,2,7.0,15.0,1550.0,4-3-3 Attacking,4-2-3-1,Kasımpaşa Spor Kulübü,Konyaspor,2,46,33,15000000.0,6,9100000.0,4,8500000.0,3,55800000.0,5,14000000.0,4,9900000.0,6,1500000.0,1,900000.0,1,53.0,96.4
4129727,TR1,2023,32. Matchday,2024-04-13,868,2832,3,1,13.0,17.0,8833.0,4-2-3-1,4-3-3 Attacking,Makina ve Kimya Endüstrisi Ankaragücü Spor Kulübü,Gaziantep Futbol Kulübü A.Ş.,1,34,31,25500000.0,7,17200000.0,5,10000000.0,4,13550000.0,5,7600000.0,4,22200000.0,4,900000.0,1,2500000.0,1,85.0,95.4
4129723,TR1,2023,32. Matchday,2024-04-13,3840,3205,0,0,11.0,14.0,10738.0,4-2-3-1,4-3-3 Attacking,Adana Demirspor Kulübü,Kayserispor Kulübü,0,39,39,80275000.0,5,24100000.0,6,9250000.0,3,8900000.0,3,38500000.0,4,9750000.0,4,850000.0,1,3000000.0,1,161.4,63.6
4129724,TR1,2023,32. Matchday,2024-04-14,7775,924,0,3,16.0,20.0,1900.0,4-3-3 Attacking,3-5-2,Hatayspor Futbol Kulübü,İstanbulspor A.Ş.,2,33,16,22650000.0,7,1725000.0,4,5300000.0,3,2500000.0,5,47400000.0,5,11875000.0,5,600000.0,1,200000.0,1,89.0,19.4
4129729,TR1,2023,32. Matchday,2024-04-14,126,589,3,0,5.0,9.0,4672.0,4-2-3-1,4-3-3 Attacking,Çaykur Rizespor Kulübü,Antalyaspor,1,45,42,20200000.0,5,28000000.0,3,22100000.0,4,10900000.0,6,11150000.0,6,12150000.0,4,3200000.0,1,7000000.0,1,66.2,94.6
4129730,TR1,2023,32. Matchday,2024-04-14,6646,36,1,2,18.0,2.0,11656.0,4-2-3-1,4-3-3 Attacking,Fatih Karagümrük Sportif Faaliyetler San. Tic. A.Ş.,Fenerbahçe Spor Kulübü,2,30,82,21600000.0,5,112000000.0,5,24050000.0,4,76000000.0,4,19200000.0,5,100000000.0,6,21500000.0,1,15000000.0,1,120.0,475.6
4129728,TR1,2023,32. Matchday,2024-04-14,3209,6890,2,3,19.0,6.0,2017.0,4-3-3 Attacking,4-2-3-1,Pendikspor,İstanbul Başakşehir Futbol Kulübü,2,30,43,18100000.0,6,15600000.0,4,28450000.0,4,33000000.0,6,11850000.0,5,38450000.0,5,1000000.0,1,1200000.0,1,74.9,158.0
4129725,TR1,2023,32. Matchday,2024-04-15,11282,141,0,4,10.0,1.0,6762.0,4-2-3-1,4-2-3-1,Alanyaspor,Galatasaray Spor Kulübü,2,42,84,29300000.0,4,267000000.0,6,17000000.0,5,152000000.0,3,16600000.0,5,122800000.0,6,2800000.0,1,18000000.0,1,78.3,638.2
4129741,TR1,2023,33. Matchday,2024-04-19,114,868,2,0,4.0,13.0,15630.0,4-2-3-1,4-2-3-1,Beşiktaş Jimnastik Kulübü,Makina ve Kimya Endüstrisi Ankaragücü Spor Kulübü,1,48,37,71250000.0,5,24000000.0,6,90500000.0,5,25000000.0,5,28175000.0,5,7600000.0,4,10000000.0,1,900000.0,1,358.4,85.0
4129736,TR1,2023,33. Matchday,2024-04-20,2293,11282,0,2,15.0,9.0,10648.0,4-2-3-1,4-2-3-1,Konyaspor,Alanyaspor,2,36,42,12900000.0,6,33300000.0,5,42800000.0,4,4500000.0,3,9500000.0,5,20900000.0,7,275000.0,1,2800000.0,1,96.4,78.3
4129739,TR1,2023,33. Matchday,2024-04-20,3205,449,1,2,14.0,3.0,8168.0,4-2-3-1,4-3-3 Attacking,Kayserispor Kulübü,Trabzonspor Kulübü,2,40,52,24300000.0,7,103500000.0,5,10500000.0,3,38800000.0,4,12000000.0,5,48200000.0,4,3000000.0,1,19000000.0,1,63.6,277.0
4129737,TR1,2023,33. Matchday,2024-04-20,152,3840,1,1,12.0,11.0,17858.0,4-2-3-1,4-2-3-1,Samsunspor,Adana Demirspor Kulübü,0,38,40,34100000.0,6,54025000.0,6,30000000.0,4,6750000.0,3,14800000.0,5,46500000.0,5,1300000.0,1,850000.0,1,103.0,161.4
4129738,TR1,2023,33. Matchday,2024-04-20,924,6646,1,2,20.0,17.0,378.0,3-4-3,4-2-3-1,İstanbulspor A.Ş.,Fatih Karagümrük Sportif Faaliyetler San. Tic. A.Ş.,2,19,30,1675000.0,3,23100000.0,5,2500000.0,5,37500000.0,5,12200000.0,6,18700000.0,5,200000.0,1,21500000.0,1,19.4,120.0
4129733,TR1,2023,33. Matchday,2024-04-21,589,7775,2,1,8.0,18.0,6512.0,4-3-3 Attacking,4-3-3 Attacking,Antalyaspor,Hatayspor Futbol Kulübü,1,42,33,16000000.0,2,17100000.0,5,12300000.0,7,5600000.0,4,32150000.0,5,48700000.0,6,7000000.0,1,600000.0,1,94.6,89.0
4129735,TR1,2023,33. Matchday,2024-04-21,2832,10484,2,0,16.0,7.0,5100.0,4-3-3 Attacking,4-3-3 Attacking,Gaziantep Futbol Kulübü A.Ş.,Kasımpaşa Spor Kulübü,1,31,46,17200000.0,5,15000000.0,6,16150000.0,5,16000000.0,5,11700000.0,5,10925000.0,4,2500000.0,1,1500000.0,1,95.4,53.0
4129742,TR1,2023,33. Matchday,2024-04-21,6890,126,2,0,5.0,6.0,3090.0,4-2-3-1,4-2-3-1,İstanbul Başakşehir Futbol Kulübü,Çaykur Rizespor Kulübü,1,46,48,55600000.0,5,20200000.0,5,31500000.0,5,4100000.0,3,20100000.0,5,11150000.0,6,1200000.0,1,3200000.0,1,158.0,66.2
4129734,TR1,2023,33. Matchday,2024-04-21,141,3209,4,1,1.0,19.0,48689.0,4-2-3-1,4-2-3-1,Galatasaray Spor Kulübü,Pendikspor,1,87,30,260000000.0,7,10600000.0,4,92500000.0,3,23450000.0,4,102800000.0,5,11650000.0,4,18000000.0,1,1000000.0,1,638.2,74.9
4129740,TR1,2023,33. Matchday,2024-04-22,2381,36,2,2,10.0,2.0,8932.0,3-4-3,4-2-3-1,Sivasspor Kulübü,Fenerbahçe Spor Kulübü,0,44,85,26600000.0,5,167000000.0,7,6275000.0,4,80000000.0,3,8650000.0,6,60000000.0,5,800000.0,1,15000000.0,1,59.6,475.6
